Workbook
Name D: Task_hours!$D$112

Sheet Stories
A1: Story | B1: Title | C1: Note | D1: Priority | E1: Risk | F1: Estimate | G1: Actual | H1: Iteration | I1: Status
A2: 1 | B2: GESTION DES COMPTES UTILISATEURS | D2: 1 | E2: 1 | F2: 23 | G2: 35.5 | H2: 1 | I2: Done | K2: Iteration | L2: Estimate | M2: Refactor | N2: Total
A3: 2 | B3: GESTION DES PAQUETS DE CARTES | D3: 1 | E3: 2 | F3: 48.5 | G3: 43 | H3: 2 | I3: Done | K3: 1 | L3: =SUMIF($H$2:$H$23,$K3,$F$2:$F$23) -> 38 | M3: 0 | N3: =L3+M3 -> 38
A4: 3 | B4: CREATION DE CARTES DANS UN PAQUET | D4: 1 | E4: 1 | F4: 15 | G4: 17 | H4: 1 | I4: Done | K4: 2 | L4: =SUMIF($H$2:$H$23,$K4,$F$2:$F$23) -> 88.5 | M4: 18 | N4: =L4+M4 -> 106.5
A5: 4 | B5: ETUDIER UN JEU DE CARTES | D5: 1 | E5: 2 | F5: 13 | G5: 8 | H5: 2 | I5: Done | K5: 3 | L5: =SUMIF($H$2:$H$23,$K5,$F$2:$F$23) -> 105 | M5: 15 | N5: =L5+M5 -> 120
A6: 5 | B6: METHODE DE TIRAGE | C6: Done in Story 6 ? | D6: 2 | I6: Done | K6: 4 | L6: =SUMIF($H$2:$H$23,$K6,$F$2:$F$23) -> 102 | M6: 30 | N6: =L6+M6 -> 132
A7: 6 | B7: MODES DE JEU | D7: 2 | E7: 2 | F7: 27 | G7: 21 | H7: 2 | I7: Done
A8: 7 | B8: QUESTIONS DE DIFFERENTS TYPES | D8: 3 | I8: Skip | K8: Iteration | L8: Actual | M8: Refactor | N8: Total
A9: 8 | B9: REPONSES DE DIFFERENTS TYPES | D9: 2 | E9: 1 | F9: 35 | G9: 16 | H9: 4 | I9: Done | K9: 1 | L9: =SUMIF($H$2:$H$23,$K9,$G$2:$G$23) -> 52.5 | M9: 0 | N9: =L9+M9 -> 52.5
A10: 9 | B10: STATISTIQUES D’ENTRAINEMENT | D10: 3 | E10: 3 | F10: 30 | G10: 37 | H10: 4 | I10: Done | K10: 2 | L10: =SUMIF($H$2:$H$23,$K10,$G$2:$G$23) -> 72 | M10: 16.5 | N10: =L10+M10 -> 88.5
A11: 10 | B11: CONNEXION A UN SERVEUR | C11: Use a BaaS or DB in cloud | D11: 2 | E11: 1 | F11: 50 | G11: 43 | H11: 3 | I11: Done | K11: 3 | L11: =SUMIF($H$2:$H$23,$K11,$G$2:$G$23) -> 81 | M11: 26 | N11: =L11+M11 -> 107
A12: 11 | B12: STORE DE JEUX DE CARTES | D12: 3 | E12: 3 | F12: 25 | G12: 18.5 | H12: 4 | I12: Done | K12: 4 | L12: =SUMIF($H$2:$H$23,$K12,$G$2:$G$23) -> 74.5 | M12: 63 | N12: =L12+M12 -> 137.5
A13: 12 | B13: SCORE ET CLASSEMENT | D13: 3 | I13: Skip
A14: 13 | B14: VERSION MOBILE | C14: To hard to complete in time | D14: 3 | I14: Skip
A15: 14 | B15: LECTURE AUDIO | D15: 3 | E15: 3 | F15: 12 | G15: 3 | H15: 4 | I15: Done
A16: 15 | B16: IMPORT/EXPORT DE JEUX DE CARTES | D16: 2 | E16: 2 | F16: 10 | G16: 8.5 | H16: 3 | I16: Done
A17: 16 | B17: IMPRESSION DE JEUX DE CARTES | D17: 2 | E17: 2 | F17: 15 | G17: 7 | H17: 3 | I17: Done
A18: 17 | B18: LATEX ET HTML DANS LES CARTES | D18: 1 | E18: 1 | F18: 30 | G18: 22.5 | H18: 3 | I18: Done
A19: 18 | B19: SUCCES | D19: 3 | I19: Skip
A20: 19 | B20: NOTIFICATIONS DE REVISION | D20: 3 | I20: Skip
A21: 20 | B21: CARTES A CHOIX DE DIFFICULTE | D21: 2 | I21: Skip
A22: 21 | B22: CARTES MODULABLES | D22: 3 | I22: Skip
A23: 22 | B23: DUEL | D23: 3 | I23: Skip

Sheet Task_hours
A1: Please enter your tasks hours here each time your work on a story task. There can be multiple entries for the same date and/or the same task. They will be then summed automatically in other sheets. Please refer - the task ID (see Tasks sheet); the Story and the Title are updated automatically - the current Iteration - the Date you worked on - the Pilote and the Co-pilote - the number of Hours worked These real hours are reflected automatically in Calendar and in Tasks. Calendar should not be modified. Tasks should only be modified when adding a new task or modifying an existing one.
A3: ID | B3: Iteration | C3: Story | D3: Title | E3: Date | F3: Pilote | G3: Co-Pilote | H3: Hours
A4: C2-3 | B4: =IFERROR(VLOOKUP(A4, Tasks!A$42:E$133,2, FALSE), "") -> 2 | C4: =IFERROR(VLOOKUP(A4, Tasks!A$42:E$133,3, FALSE), "") -> C2 | D4: =IFERROR(VLOOKUP(A4, Tasks!A$42:E$133,5, FALSE), "") -> EditDeck (FXML): Create deck list table | E4: 45001 | F4: Antoine | G4: Elliot | H4: 1
A5: C2-14 | B5: =IFERROR(VLOOKUP(A5, Tasks!A$42:E$133,2, FALSE), "") -> 2 | C5: =IFERROR(VLOOKUP(A5, Tasks!A$42:E$133,3, FALSE), "") -> C2 | D5: =IFERROR(VLOOKUP(A5, Tasks!A$42:E$133,5, FALSE), "") -> DeckList (ProfileController): Pass deck ID from profile view to deckEdit view when pushing edit btn | E5: 45001 | F5: Elliot | G5: Antoine | H5: 1
A6: D3-1 | B6: =IFERROR(VLOOKUP(A6, Tasks!A$42:E$133,2, FALSE), "") -> 2 | C6: =IFERROR(VLOOKUP(A6, Tasks!A$42:E$133,3, FALSE), "") -> D3 | D6: =IFERROR(VLOOKUP(A6, Tasks!A$42:E$133,5, FALSE), "") -> Tracking: task excel on google sheets | E6: 45001 | F6: Antoine | G6: Luca | H6: 1
A7: D3-2 | B7: =IFERROR(VLOOKUP(A7, Tasks!A$42:E$133,2, FALSE), "") -> 2 | C7: =IFERROR(VLOOKUP(A7, Tasks!A$42:E$133,3, FALSE), "") -> D3 | D7: =IFERROR(VLOOKUP(A7, Tasks!A$42:E$133,5, FALSE), "") -> Tracking: Burndown Chart | E7: 45001 | F7: Luca | G7: Antoine | H7: 1
A8: D2-3 | B8: 2 | C8: =IFERROR(VLOOKUP(A8, Tasks!A$42:E$133,3, FALSE), "") -> D2 | D8: =IFERROR(VLOOKUP(A8, Tasks!A$42:E$133,5, FALSE), "") -> Refactor: Fix layout for the SignIn & SignUp view | E8: 45002 | F8: Francesco | G8: Dave | H8: 1
A9: D2-1 | B9: =IFERROR(VLOOKUP(A9, Tasks!A$42:E$133,2, FALSE), "") -> 2 | C9: =IFERROR(VLOOKUP(A9, Tasks!A$42:E$133,3, FALSE), "") -> D2 | D9: =IFERROR(VLOOKUP(A9, Tasks!A$42:E$133,5, FALSE), "") -> Refactor: Split the SignIn & SignUp controller | E9: 45002 | F9: Francesco | G9: Dave | H9: 1
A10: D2-2 | B10: =IFERROR(VLOOKUP(A10, Tasks!A$42:E$133,2, FALSE), "") -> 2 | C10: =IFERROR(VLOOKUP(A10, Tasks!A$42:E$133,3, FALSE), "") -> D2 | D10: =IFERROR(VLOOKUP(A10, Tasks!A$42:E$133,5, FALSE), "") -> Refactor: Split the Profile & Settings Controller | E10: 45002 | F10: Elliot | G10: Antoine | H10: 1
A11: D2-2 | B11: 2 | C11: =IFERROR(VLOOKUP(A11, Tasks!A$42:E$133,3, FALSE), "") -> D2 | D11: =IFERROR(VLOOKUP(A11, Tasks!A$42:E$133,5, FALSE), "") -> Refactor: Split the Profile & Settings Controller | E11: 45002 | F11: Luca | G11: Ismael | H11: 1
A12: D4-1 | B12: =IFERROR(VLOOKUP(A12, Tasks!A$42:E$133,2, FALSE), "") -> 2 | C12: =IFERROR(VLOOKUP(A12, Tasks!A$42:E$133,3, FALSE), "") -> D4 | D12: =IFERROR(VLOOKUP(A12, Tasks!A$42:E$133,5, FALSE), "") -> Docs: refaire le README.md | E12: 45002 | F12: Francesco | G12: Dave | H12: 0.5
A13: C4-1 | B13: 2 | C13: =IFERROR(VLOOKUP(A13, Tasks!A$42:E$133,3, FALSE), "") -> C4 | D13: =IFERROR(VLOOKUP(A13, Tasks!A$42:E$133,5, FALSE), "") -> Study: Refactor the editDeck view into the static Study view (FlashCard view) | E13: 45004 | F13: Luca | G13: Emile | H13: 2
A14: C2-2 | B14: =IFERROR(VLOOKUP(A14, Tasks!A$42:E$133,2, FALSE), "") -> 2 | C14: =IFERROR(VLOOKUP(A14, Tasks!A$42:E$133,3, FALSE), "") -> C2 | D14: =IFERROR(VLOOKUP(A14, Tasks!A$42:E$133,5, FALSE), "") -> EditDeck (FXML): Create global title and edit buttons | E14: 45004 | F14: Antoine | G14: Elliot | H14: 1.5
A15: C2-3 | B15: =IFERROR(VLOOKUP(A15, Tasks!A$42:E$133,2, FALSE), "") -> 2 | C15: =IFERROR(VLOOKUP(A15, Tasks!A$42:E$133,3, FALSE), "") -> C2 | D15: =IFERROR(VLOOKUP(A15, Tasks!A$42:E$133,5, FALSE), "") -> EditDeck (FXML): Create deck list table | E15: 45004 | F15: Antoine | G15: Elliot | H15: 1.5
A16: C2-4 | B16: =IFERROR(VLOOKUP(A16, Tasks!A$42:E$133,2, FALSE), "") -> 2 | C16: =IFERROR(VLOOKUP(A16, Tasks!A$42:E$133,3, FALSE), "") -> C2 | D16: =IFERROR(VLOOKUP(A16, Tasks!A$42:E$133,5, FALSE), "") -> EditDeck (DeckEditController): Load fake deck cards dynamically in list | E16: 45004 | F16: Antoine | G16: Elliot | H16: 0.5
A17: C4-1 | B17: =IFERROR(VLOOKUP(A17, Tasks!A$42:E$133,2, FALSE), "") -> 2 | C17: =IFERROR(VLOOKUP(A17, Tasks!A$42:E$133,3, FALSE), "") -> C4 | D17: =IFERROR(VLOOKUP(A17, Tasks!A$42:E$133,5, FALSE), "") -> Study: Refactor the editDeck view into the static Study view (FlashCard view) | E17: 45012 | F17: Luca | G17: Emile | H17: 1
A18: C2-10 | B18: =IFERROR(VLOOKUP(A18, Tasks!A$42:E$133,2, FALSE), "") -> 2 | C18: =IFERROR(VLOOKUP(A18, Tasks!A$42:E$133,3, FALSE), "") -> C2 | D18: =IFERROR(VLOOKUP(A18, Tasks!A$42:E$133,5, FALSE), "") -> Deck List: Deck creation & deletion from the view | E18: 45012 | F18: Théo | G18: Luca | H18: 2.5
A19: C2-5 | B19: =IFERROR(VLOOKUP(A19, Tasks!A$42:E$133,2, FALSE), "") -> 2 | C19: =IFERROR(VLOOKUP(A19, Tasks!A$42:E$133,3, FALSE), "") -> C2 | D19: =IFERROR(VLOOKUP(A19, Tasks!A$42:E$133,5, FALSE), "") -> EditDeck(FXML): Edit button popup to edit question and answer | E19: 45012 | F19: Antoine | G19: Elliot | H19: 2
A20: C2-1 | B20: =IFERROR(VLOOKUP(A20, Tasks!A$42:E$133,2, FALSE), "") -> 2 | C20: =IFERROR(VLOOKUP(A20, Tasks!A$42:E$133,3, FALSE), "") -> C2 | D20: =IFERROR(VLOOKUP(A20, Tasks!A$42:E$133,5, FALSE), "") -> DB: Create Deck & Card model in database (CRUD) | E20: 45004 | F20: Dave | G20: Anton | H20: 4
A21: D5-1 | B21: 2 | C21: =IFERROR(VLOOKUP(A21, Tasks!A$42:E$133,3, FALSE), "") -> D5 | D21: =IFERROR(VLOOKUP(A21, Tasks!A$42:E$133,5, FALSE), "") -> Refactor: navigation manager design | E21: 45012 | F21: Luca | G21: Antoine | H21: 1
A22: D5-2 | B22: =IFERROR(VLOOKUP(A22, Tasks!A$42:E$133,2, FALSE), "") -> 2 | C22: =IFERROR(VLOOKUP(A22, Tasks!A$42:E$133,3, FALSE), "") -> D5 | D22: =IFERROR(VLOOKUP(A22, Tasks!A$42:E$133,5, FALSE), "") -> Refactor: navigation manager implementation | E22: 45012 | F22: Luca | G22: Antoine | H22: 1
A23: C2-1 | B23: =IFERROR(VLOOKUP(A23, Tasks!A$42:E$133,2, FALSE), "") -> 2 | C23: =IFERROR(VLOOKUP(A23, Tasks!A$42:E$133,3, FALSE), "") -> C2 | D23: =IFERROR(VLOOKUP(A23, Tasks!A$42:E$133,5, FALSE), "") -> DB: Create Deck & Card model in database (CRUD) | E23: 45012 | F23: Dave | G23: Anton | H23: 3
A24: C6-1 | B24: =IFERROR(VLOOKUP(A24, Tasks!A$42:E$133,2, FALSE), "") -> 2 | C24: =IFERROR(VLOOKUP(A24, Tasks!A$42:E$133,3, FALSE), "") -> C6 | D24: =IFERROR(VLOOKUP(A24, Tasks!A$42:E$133,5, FALSE), "") -> Study Mode: Implement the "Review" study mode | E24: 45004 | F24: Ben David | G24: Francesco | H24: 6
A25: C6-2 | B25: =IFERROR(VLOOKUP(A25, Tasks!A$42:E$133,2, FALSE), "") -> 2 | C25: =IFERROR(VLOOKUP(A25, Tasks!A$42:E$133,3, FALSE), "") -> C6 | D25: =IFERROR(VLOOKUP(A25, Tasks!A$42:E$133,5, FALSE), "") -> Study Mode: Implement the "Free" study mode | E25: 45012 | F25: Ben David | G25: Francesco | H25: 4
A26: C2-15 | B26: =IFERROR(VLOOKUP(A26, Tasks!A$42:E$133,2, FALSE), "") -> 2 | C26: =IFERROR(VLOOKUP(A26, Tasks!A$42:E$133,3, FALSE), "") -> C2 | D26: =IFERROR(VLOOKUP(A26, Tasks!A$42:E$133,5, FALSE), "") -> EditDeck(FXML): Add card popup | E26: 45015 | F26: Elliot | G26: Antoine | H26: 0.5
A27: C2-16 | B27: =IFERROR(VLOOKUP(A27, Tasks!A$42:E$133,2, FALSE), "") -> 2 | C27: =IFERROR(VLOOKUP(A27, Tasks!A$42:E$133,3, FALSE), "") -> C2 | D27: =IFERROR(VLOOKUP(A27, Tasks!A$42:E$133,5, FALSE), "") -> EditDeck(FXML): edit title and category popups | E27: 45015 | F27: Elliot | G27: Antoine | H27: 0.5
A28: C2-6 | B28: =IFERROR(VLOOKUP(A28, Tasks!A$42:E$133,2, FALSE), "") -> 2 | C28: =IFERROR(VLOOKUP(A28, Tasks!A$42:E$133,3, FALSE), "") -> C2 | D28: =IFERROR(VLOOKUP(A28, Tasks!A$42:E$133,5, FALSE), "") -> EditDeck(DeckEditController): Edit button logic to edit question and answer in popup | E28: 45015 | F28: Elliot | G28: Antoine | H28: 1
A29: C2-7 | B29: =IFERROR(VLOOKUP(A29, Tasks!A$42:E$133,2, FALSE), "") -> 2 | C29: =IFERROR(VLOOKUP(A29, Tasks!A$42:E$133,3, FALSE), "") -> C2 | D29: =IFERROR(VLOOKUP(A29, Tasks!A$42:E$133,5, FALSE), "") -> EditDeck(FXML): Delete button to delete question | E29: 45015 | F29: Elliot | G29: Antoine | H29: 0.5
A30: C2-8 | B30: =IFERROR(VLOOKUP(A30, Tasks!A$42:E$133,2, FALSE), "") -> 2 | C30: =IFERROR(VLOOKUP(A30, Tasks!A$42:E$133,3, FALSE), "") -> C2 | D30: =IFERROR(VLOOKUP(A30, Tasks!A$42:E$133,5, FALSE), "") -> EditDeck(DeckEditController): Delete button logic to delete question | E30: 45015 | F30: Elliot | G30: Antoine | H30: 0.5
A31: C2-9 | B31: =IFERROR(VLOOKUP(A31, Tasks!A$42:E$133,2, FALSE), "") -> 2 | C31: =IFERROR(VLOOKUP(A31, Tasks!A$42:E$133,3, FALSE), "") -> C2 | D31: =IFERROR(VLOOKUP(A31, Tasks!A$42:E$133,5, FALSE), "") -> EditDeck(DeckEditController) : Edit deck properties logic (title, category) | E31: 45015 | F31: Elliot | G31: Antoine | H31: 0.5
A32: C2-18 | B32: =IFERROR(VLOOKUP(A32, Tasks!A$42:E$133,2, FALSE), "") -> 2 | C32: =IFERROR(VLOOKUP(A32, Tasks!A$42:E$133,3, FALSE), "") -> C2 | D32: =IFERROR(VLOOKUP(A32, Tasks!A$42:E$133,5, FALSE), "") -> EditDeck(FXML): make vboxes question/answer for cards | E32: 45016 | F32: Luca | G32: Antoine | H32: 1
A33: C2-20 | B33: =IFERROR(VLOOKUP(A33, Tasks!A$42:E$133,2, FALSE), "") -> 2 | C33: =IFERROR(VLOOKUP(A33, Tasks!A$42:E$133,3, FALSE), "") -> C2 | D33: =IFERROR(VLOOKUP(A33, Tasks!A$42:E$133,5, FALSE), "") -> EditDeck(FXML): Add scrolling in edit deck view | E33: 45016 | F33: Antoine | G33: Luca | H33: 0.5
... A35: C2-21 | B35: =IFERROR(VLOOKUP(A35, Tasks!A$42:E$133,2, FALSE), "") -> 2 | C35: =IFERROR(VLOOKUP(A35, Tasks!A$42:E$133,3, FALSE), "") -> C2 | D35: =IFERROR(VLOOKUP(A35, Tasks!A$42:E$133,5, FALSE), "") -> DeckList(FXML): Add scrolling in DeckList/Profile/settings view | E35: 45018 | F35: Ismael | G35: Dave | H35: 1
A36: C2-22 | B36: 2 | C36: C2 | D36: DeckList(FXML): text wrapping for DeckList/Profile view | E36: 45018 | F36: Dave | G36: Ismael | H36: 1
A37: C2-23 | B37: =IFERROR(VLOOKUP(A37, Tasks!A$42:E$133,2, FALSE), "") -> 2 | C37: =IFERROR(VLOOKUP(A37, Tasks!A$42:E$133,3, FALSE), "") -> C2 | D37: =IFERROR(VLOOKUP(A37, Tasks!A$42:E$133,5, FALSE), "") -> EditDeck(FXML): add category in view | E37: 45018 | F37: Dave | G37: Ismael | H37: 2
A38: C2-1 | B38: =IFERROR(VLOOKUP(A38, Tasks!A$42:E$133,2, FALSE), "") -> 2 | C38: =IFERROR(VLOOKUP(A38, Tasks!A$42:E$133,3, FALSE), "") -> C2 | D38: =IFERROR(VLOOKUP(A38, Tasks!A$42:E$133,5, FALSE), "") -> DB: Create Deck & Card model in database (CRUD) | E38: 45018 | F38: Anton | G38: Dave | H38: 3
A39: C2-26 | B39: =IFERROR(VLOOKUP(A39, Tasks!A$42:E$133,2, FALSE), "") -> 2 | C39: =IFERROR(VLOOKUP(A39, Tasks!A$42:E$133,3, FALSE), "") -> C2 | D39: =IFERROR(VLOOKUP(A39, Tasks!A$42:E$133,5, FALSE), "") -> Fix(Database): Tables are created only when calling getInstance() | E39: 45018 | F39: Luca | G39: Ismael | H39: 0.5
A40: C2-11 | B40: =IFERROR(VLOOKUP(A40, Tasks!A$42:E$133,2, FALSE), "") -> 2 | C40: =IFERROR(VLOOKUP(A40, Tasks!A$42:E$133,3, FALSE), "") -> C2 | D40: =IFERROR(VLOOKUP(A40, Tasks!A$42:E$133,5, FALSE), "") -> Deck List: Load decks from the database in the view | E40: 45018 | F40: Ismael | G40: Dave | H40: 1
A41: C6-6 | B41: =IFERROR(VLOOKUP(A41, Tasks!A$42:E$133,2, FALSE), "") -> 2 | C41: =IFERROR(VLOOKUP(A41, Tasks!A$42:E$133,3, FALSE), "") -> C6 | D41: =IFERROR(VLOOKUP(A41, Tasks!A$42:E$133,5, FALSE), "") -> Study Mode: create a view for "Free" study mode | E41: 45033 | F41: Théo | G41: Dave | H41: 1.5
A42: D6-1 | B42: =IFERROR(VLOOKUP(A42, Tasks!A$42:E$133,2, FALSE), "") -> 2 | C42: =IFERROR(VLOOKUP(A42, Tasks!A$42:E$133,3, FALSE), "") -> D6 | D42: =IFERROR(VLOOKUP(A42, Tasks!A$42:E$133,5, FALSE), "") -> Refactor: handling all runtime errors in code; replace signature errors in try/catch blocks | E42: 45033 | F42: Francesco | G42: Ismael | H42: 3
A43: D5-3 | B43: =IFERROR(VLOOKUP(A43, Tasks!A$42:E$133,2, FALSE), "") -> 2 | C43: =IFERROR(VLOOKUP(A43, Tasks!A$42:E$133,3, FALSE), "") -> D5 | D43: =IFERROR(VLOOKUP(A43, Tasks!A$42:E$133,5, FALSE), "") -> Feat: Add params in navigation | E43: 45033 | F43: Luca | G43: Antoine | H43: 1.5
A44: C4-2 | B44: =IFERROR(VLOOKUP(A44, Tasks!A$42:E$133,2, FALSE), "") -> 2 | C44: =IFERROR(VLOOKUP(A44, Tasks!A$42:E$133,3, FALSE), "") -> C4 | D44: =IFERROR(VLOOKUP(A44, Tasks!A$42:E$133,5, FALSE), "") -> Study: Load cards from database into Study view | E44: 45033 | F44: Emile | G44: Théo | H44: 1.5
A45: C2-27 | B45: =IFERROR(VLOOKUP(A45, Tasks!A$42:E$133,2, FALSE), "") -> 2 | C45: =IFERROR(VLOOKUP(A45, Tasks!A$42:E$133,3, FALSE), "") -> C2 | D45: =IFERROR(VLOOKUP(A45, Tasks!A$42:E$133,5, FALSE), "") -> DB: Create interface between controller & database for managing decks & cards | E45: 45033 | F45: Luca | G45: Francesco | H45: 3
A46: C6-3 | B46: =IFERROR(VLOOKUP(A46, Tasks!A$42:E$133,2, FALSE), "") -> 2 | C46: =IFERROR(VLOOKUP(A46, Tasks!A$42:E$133,3, FALSE), "") -> C6 | D46: =IFERROR(VLOOKUP(A46, Tasks!A$42:E$133,5, FALSE), "") -> Study Mode: Create a controller for "Review" Mode | E46: 45033 | F46: Francesco | G46: Luca | H46: 4
A47: C4-2 | B47: =IFERROR(VLOOKUP(A47, Tasks!A$42:E$133,2, FALSE), "") -> 2 | C47: =IFERROR(VLOOKUP(A47, Tasks!A$42:E$133,3, FALSE), "") -> C4 | D47: =IFERROR(VLOOKUP(A47, Tasks!A$42:E$133,5, FALSE), "") -> Study: Load cards from database into Study view | E47: 45033 | F47: Emile | G47: Théo | H47: 2.5
A48: C4-4 | B48: =IFERROR(VLOOKUP(A48, Tasks!A$42:E$133,2, FALSE), "") -> 2 | C48: =IFERROR(VLOOKUP(A48, Tasks!A$42:E$133,3, FALSE), "") -> C4 | D48: =IFERROR(VLOOKUP(A48, Tasks!A$42:E$133,5, FALSE), "") -> Study: Add text wrapping in Study view for answer & question | E48: 45033 | F48: Francesco | G48: Ismael | H48: 0.5
... A51: D1-1 | B51: =IFERROR(VLOOKUP(A51, Tasks!A$42:E$133,2, FALSE), "") -> 2 | C51: =IFERROR(VLOOKUP(A51, Tasks!A$42:E$133,3, FALSE), "") -> D1 | D51: =IFERROR(VLOOKUP(A51, Tasks!A$42:E$133,5, FALSE), "") -> CI/CD: Create a CI/CD action to test, check format & build | E51: 45033 | F51: Anton | G51: Ben David | H51: 3.5
A52: C2-19 | B52: =IFERROR(VLOOKUP(A52, Tasks!A$42:E$133,2, FALSE), "") -> 2 | C52: =IFERROR(VLOOKUP(A52, Tasks!A$42:E$133,3, FALSE), "") -> C2 | D52: =IFERROR(VLOOKUP(A52, Tasks!A$42:E$133,5, FALSE), "") -> EditDeck(docs): make docstrings and comments for all classes | E52: 45033 | F52: Francesco | H52: 2.5
A53: C6-5 | B53: =IFERROR(VLOOKUP(A53, Tasks!A$42:E$133,2, FALSE), "") -> 2 | C53: =IFERROR(VLOOKUP(A53, Tasks!A$42:E$133,3, FALSE), "") -> C6 | D53: =IFERROR(VLOOKUP(A53, Tasks!A$42:E$133,5, FALSE), "") -> Study Mode: Refactor Sutdy views and handle exceptions | E53: 45033 | F53: Dave | G53: Théo | H53: 4
A54: C2-12 | B54: =IFERROR(VLOOKUP(A54, Tasks!A$42:E$133,2, FALSE), "") -> 2 | C54: =IFERROR(VLOOKUP(A54, Tasks!A$42:E$133,3, FALSE), "") -> C2 | D54: =IFERROR(VLOOKUP(A54, Tasks!A$42:E$133,5, FALSE), "") -> Deck List: Filter deck by category/theme | E54: 45033 | F54: Antoine | G54: Ismael | H54: 3.5
A55: C2-28 | B55: =IFERROR(VLOOKUP(A55, Tasks!A$42:E$133,2, FALSE), "") -> 2 | C55: =IFERROR(VLOOKUP(A55, Tasks!A$42:E$133,3, FALSE), "") -> C2 | D55: =IFERROR(VLOOKUP(A55, Tasks!A$42:E$133,5, FALSE), "") -> Refactor(Database): Remove the perfomanceType entity (replace with simple integer) | E55: 45033 | F55: Théo | G55: Dave | H55: 0.5
A56: C2-29 | B56: =IFERROR(VLOOKUP(A56, Tasks!A$42:E$133,2, FALSE), "") -> 2 | C56: =IFERROR(VLOOKUP(A56, Tasks!A$42:E$133,3, FALSE), "") -> C2 | D56: =IFERROR(VLOOKUP(A56, Tasks!A$42:E$133,5, FALSE), "") -> Fix(Database): Fixed issue in test caused by database, refactor database | E56: 45033 | F56: Luca | H56: 2.5
A57: D7-1 | B57: =IFERROR(VLOOKUP(A57, Tasks!A$89:E$133,2, FALSE), "") -> 3 | C57: =IFERROR(VLOOKUP(A57, Tasks!A$89:E$133,3, FALSE), "") -> D7 | D57: =IFERROR(VLOOKUP(A57, Tasks!A$89:E$133,5, FALSE), "") -> Refactor: fix refresh list when adding new decks with unknown tag | E57: 45034 | F57: Antoine | H57: 1.5
A58: D7-12 | B58: =IFERROR(VLOOKUP(A58, Tasks!A$89:E$133,2, FALSE), "") -> 3 | C58: =IFERROR(VLOOKUP(A58, Tasks!A$89:E$133,3, FALSE), "") -> D7 | D58: =IFERROR(VLOOKUP(A58, Tasks!A$89:E$133,5, FALSE), "") -> MVC: Refactor the view controllers and controllers to respect the MVC patterns | E58: 45034 | F58: Luca | H58: 3
A59: C10-1 | B59: =IFERROR(VLOOKUP(A59, Tasks!A$89:E$133,2, FALSE), "") -> 3 | C59: =IFERROR(VLOOKUP(A59, Tasks!A$89:E$133,3, FALSE), "") -> C10 | D59: =IFERROR(VLOOKUP(A59, Tasks!A$89:E$133,5, FALSE), "") -> Server: Setup Django App with Docker Compose (Initial Setup) + Architecture | E59: 45035 | F59: Elliot | G59: Anton | H59: 3
A60: D7-12 | B60: =IFERROR(VLOOKUP(A60, Tasks!A$89:E$133,2, FALSE), "") -> 3 | C60: =IFERROR(VLOOKUP(A60, Tasks!A$89:E$133,3, FALSE), "") -> D7 | D60: =IFERROR(VLOOKUP(A60, Tasks!A$89:E$133,5, FALSE), "") -> MVC: Refactor the view controllers and controllers to respect the MVC patterns | E60: 45035 | F60: Luca | H60: 1
A61: C15-2 | B61: =IFERROR(VLOOKUP(A61, Tasks!A$89:E$133,2, FALSE), "") -> 3 | C61: =IFERROR(VLOOKUP(A61, Tasks!A$89:E$133,3, FALSE), "") -> C15 | D61: =IFERROR(VLOOKUP(A61, Tasks!A$89:E$133,5, FALSE), "") -> Export/import: Serialize/Deserialize deck (JSON) and export to file (or create deck) | E61: 45036 | F61: Elliot | G61: Emile | H61: 1
A62: C15-1 | B62: =IFERROR(VLOOKUP(A62, Tasks!A$89:E$133,2, FALSE), "") -> 3 | C62: =IFERROR(VLOOKUP(A62, Tasks!A$89:E$133,3, FALSE), "") -> C15 | D62: =IFERROR(VLOOKUP(A62, Tasks!A$89:E$133,5, FALSE), "") -> FXML: Add dropdown buttons on the UI to Export/Import JSON on the ProfileView + File Browser + PDF | E62: 45036 | F62: Elliot | G62: Emile | H62: 0.5
A63: D7-10 | B63: =IFERROR(VLOOKUP(A63, Tasks!A$89:E$133,2, FALSE), "") -> 3 | C63: =IFERROR(VLOOKUP(A63, Tasks!A$89:E$133,3, FALSE), "") -> D7 | D63: =IFERROR(VLOOKUP(A63, Tasks!A$89:E$133,5, FALSE), "") -> Refactor: Manage the navigation in a different way (controller should choose to change view!) | E63: 45036 | F63: Luca | G63: Ismael | H63: 2
A64: C10-2 | B64: =IFERROR(VLOOKUP(A64, Tasks!A$89:E$133,2, FALSE), "") -> 3 | C64: =IFERROR(VLOOKUP(A64, Tasks!A$89:E$133,3, FALSE), "") -> C10 | D64: =IFERROR(VLOOKUP(A64, Tasks!A$89:E$133,5, FALSE), "") -> Server: ORM Models in Django + Admin Interface | E64: 45037 | F64: Dave | G64: Anton | H64: 3
A65: C10-3 | B65: =IFERROR(VLOOKUP(A65, Tasks!A$89:E$133,2, FALSE), "") -> 3 | C65: =IFERROR(VLOOKUP(A65, Tasks!A$89:E$133,3, FALSE), "") -> C10 | D65: =IFERROR(VLOOKUP(A65, Tasks!A$89:E$133,5, FALSE), "") -> Server: Serializers and Deserializers (JSON) | E65: 45038 | F65: Antoine | G65: Luca | H65: 1
A66: C16-1 | B66: =IFERROR(VLOOKUP(A66, Tasks!A$89:E$133,2, FALSE), "") -> 3 | C66: =IFERROR(VLOOKUP(A66, Tasks!A$89:E$133,3, FALSE), "") -> C16 | D66: =IFERROR(VLOOKUP(A66, Tasks!A$89:E$133,5, FALSE), "") -> FXML: Add buttons on the UI to download PDF (Add option in Export ?) | E66: 45039 | F66: Antoine | G66: Dave | H66: 0.5
A67: C16-2 | B67: =IFERROR(VLOOKUP(A67, Tasks!A$89:E$133,2, FALSE), "") -> 3 | C67: =IFERROR(VLOOKUP(A67, Tasks!A$89:E$133,3, FALSE), "") -> C16 | D67: =IFERROR(VLOOKUP(A67, Tasks!A$89:E$133,5, FALSE), "") -> PDF: Add logic to download PDF | E67: 45039 | F67: Antoine | G67: Dave | H67: 2
A68: D7-10 | B68: =IFERROR(VLOOKUP(A68, Tasks!A$89:E$133,2, FALSE), "") -> 3 | C68: =IFERROR(VLOOKUP(A68, Tasks!A$89:E$133,3, FALSE), "") -> D7 | D68: =IFERROR(VLOOKUP(A68, Tasks!A$89:E$133,5, FALSE), "") -> Refactor: Manage the navigation in a different way (controller should choose to change view!) | E68: 45040 | F68: Luca | G68: Ismael | H68: 0.5
A69: C17-2 | B69: =IFERROR(VLOOKUP(A69, Tasks!A$89:E$133,2, FALSE), "") -> 3 | C69: =IFERROR(VLOOKUP(A69, Tasks!A$89:E$133,3, FALSE), "") -> C17 | D69: =IFERROR(VLOOKUP(A69, Tasks!A$89:E$133,5, FALSE), "") -> Client: Parse LaTeX | E69: 45040 | F69: Ismael | G69: Francesco | H69: 1
A70: C10-8 | B70: =IFERROR(VLOOKUP(A70, Tasks!A$89:E$133,2, FALSE), "") -> 3 | C70: =IFERROR(VLOOKUP(A70, Tasks!A$89:E$133,3, FALSE), "") -> C10 | D70: =IFERROR(VLOOKUP(A70, Tasks!A$89:E$133,5, FALSE), "") -> Finish setting up docker and django | E70: 45040 | F70: Anton | G70: Francesco | H70: 2.5
A71: C16-3 | B71: =IFERROR(VLOOKUP(A71, Tasks!A$89:E$133,2, FALSE), "") -> 3 | C71: =IFERROR(VLOOKUP(A71, Tasks!A$89:E$133,3, FALSE), "") -> C16 | D71: =IFERROR(VLOOKUP(A71, Tasks!A$89:E$133,5, FALSE), "") -> PDF: Format PDF | E71: 45040 | F71: Dave | G71: Antoine | H71: 1
A72: C16-5 | B72: =IFERROR(VLOOKUP(A72, Tasks!A$89:E$133,2, FALSE), "") -> 3 | C72: =IFERROR(VLOOKUP(A72, Tasks!A$89:E$133,3, FALSE), "") -> C16 | D72: =IFERROR(VLOOKUP(A72, Tasks!A$89:E$133,5, FALSE), "") -> PDF: Add popup when a deck is downloaded | E72: 45040 | F72: Dave | G72: Antoine | H72: 0.5
... A76: C17-4 | B76: =IFERROR(VLOOKUP(A76, Tasks!A$89:E$133,2, FALSE), "") -> 3 | C76: =IFERROR(VLOOKUP(A76, Tasks!A$89:E$133,3, FALSE), "") -> C17 | D76: =IFERROR(VLOOKUP(A76, Tasks!A$89:E$133,5, FALSE), "") -> FXML: Create a radio button when inputting card to let the user decide what kind of input he wants | E76: 45041 | F76: Dave | G76: Ismael | H76: 1.5
A77: D7-11-1 | B77: =IFERROR(VLOOKUP(A77, Tasks!A$89:E$133,2, FALSE), "") -> 3 | C77: =IFERROR(VLOOKUP(A77, Tasks!A$89:E$133,3, FALSE), "") -> D7 | D77: =IFERROR(VLOOKUP(A77, Tasks!A$89:E$133,5, FALSE), "") -> FXML: Empty EditCardView : Question/Answer is empty | CreateDeck : Deckname/Tag is empty--> Add Popup | E77: 45041 | F77: Ismael | H77: 0.5
A78: C10-5 | B78: =IFERROR(VLOOKUP(A78, Tasks!A$89:E$133,2, FALSE), "") -> 3 | C78: =IFERROR(VLOOKUP(A78, Tasks!A$89:E$133,3, FALSE), "") -> C10 | D78: =IFERROR(VLOOKUP(A78, Tasks!A$89:E$133,5, FALSE), "") -> Server: Generate Swagger docs | E78: 45042 | F78: Ismael | G78: Théo | H78: 2
A79: D7-13 | B79: =IFERROR(VLOOKUP(A79, Tasks!A$89:E$133,2, FALSE), "") -> 3 | C79: =IFERROR(VLOOKUP(A79, Tasks!A$89:E$133,3, FALSE), "") -> D7 | D79: =IFERROR(VLOOKUP(A79, Tasks!A$89:E$133,5, FALSE), "") -> ci: refactor CI/CD + build Django docker image | E79: 45042 | F79: Luca | H79: 2
A80: D7-11 | B80: =IFERROR(VLOOKUP(A80, Tasks!A$89:E$133,2, FALSE), "") -> 3 | C80: =IFERROR(VLOOKUP(A80, Tasks!A$89:E$133,3, FALSE), "") -> D7 | D80: =IFERROR(VLOOKUP(A80, Tasks!A$89:E$133,5, FALSE), "") -> FXML: Popups should be styled the same as the rest of the application | E80: 45042 | F80: Théo | G80: Ismael | H80: 3
A81: D7-7 | B81: =IFERROR(VLOOKUP(A81, Tasks!A$89:E$133,2, FALSE), "") -> 3 | C81: =IFERROR(VLOOKUP(A81, Tasks!A$89:E$133,3, FALSE), "") -> D7 | D81: =IFERROR(VLOOKUP(A81, Tasks!A$89:E$133,5, FALSE), "") -> Service: Create a UserService with DTOs + Refactor | E81: 45043 | F81: Luca | G81: Théo | H81: 1
A82: C17-9 | B82: =IFERROR(VLOOKUP(A82, Tasks!A$89:E$133,2, FALSE), "") -> 3 | C82: =IFERROR(VLOOKUP(A82, Tasks!A$89:E$133,3, FALSE), "") -> C17 | D82: =IFERROR(VLOOKUP(A82, Tasks!A$89:E$133,5, FALSE), "") -> FXML + Client: Add HTMLView in editDeck | E82: 45043 | F82: Ben David | G82: Ismael | H82: 5
A83: C10-4 | B83: =IFERROR(VLOOKUP(A83, Tasks!A$89:E$133,2, FALSE), "") -> 3 | C83: =IFERROR(VLOOKUP(A83, Tasks!A$89:E$133,3, FALSE), "") -> C10 | D83: =IFERROR(VLOOKUP(A83, Tasks!A$89:E$133,5, FALSE), "") -> Server: Deployment (on Cloud) + DNS | E83: 45043 | F83: Ben David | G83: Luca | H83: 3
A84: C10-7 | B84: =IFERROR(VLOOKUP(A84, Tasks!A$89:E$133,2, FALSE), "") -> 3 | C84: =IFERROR(VLOOKUP(A84, Tasks!A$89:E$133,3, FALSE), "") -> C10 | D84: =IFERROR(VLOOKUP(A84, Tasks!A$89:E$133,5, FALSE), "") -> Client: Refactor services (Call HTTP API) with swapped pilot-copilot | E84: 45044 | F84: Dave | G84: Francesco | H84: 5
A85: C10-6 | B85: =IFERROR(VLOOKUP(A85, Tasks!A$89:E$133,2, FALSE), "") -> 3 | C85: =IFERROR(VLOOKUP(A85, Tasks!A$89:E$133,3, FALSE), "") -> C10 | D85: =IFERROR(VLOOKUP(A85, Tasks!A$89:E$133,5, FALSE), "") -> Client: Refactor services (Call HTTP API) | E85: 45044 | F85: Francesco | G85: Dave | H85: 6
A86: C16-4 | B86: 3 | C86: =IFERROR(VLOOKUP(A86, Tasks!A$89:E$133,3, FALSE), "") -> C16 | D86: =IFERROR(VLOOKUP(A86, Tasks!A$89:E$133,5, FALSE), "") -> PDF: format A6 for cards | E86: 45044 | F86: Ismael | G86: Antoine | H86: 3
A87: C17-5 | B87: =IFERROR(VLOOKUP(A87, Tasks!A$89:E$133,2, FALSE), "") -> 3 | C87: =IFERROR(VLOOKUP(A87, Tasks!A$89:E$133,3, FALSE), "") -> C17 | D87: =IFERROR(VLOOKUP(A87, Tasks!A$89:E$133,5, FALSE), "") -> FXML:: Create a webView when studying HTML | E87: 45044 | F87: Théo | G87: Ben David | H87: 2.5
A88: C17-7 | B88: =IFERROR(VLOOKUP(A88, Tasks!A$89:E$133,2, FALSE), "") -> 3 | C88: =IFERROR(VLOOKUP(A88, Tasks!A$89:E$133,3, FALSE), "") -> C17 | D88: =IFERROR(VLOOKUP(A88, Tasks!A$89:E$133,5, FALSE), "") -> FXML + Client: Add latexView in editDeck | E88: 45044 | F88: Francesco | G88: Ben David | H88: 3
A89: C17-6 | B89: =IFERROR(VLOOKUP(A89, Tasks!A$89:E$133,2, FALSE), "") -> 3 | C89: =IFERROR(VLOOKUP(A89, Tasks!A$89:E$133,3, FALSE), "") -> C17 | D89: =IFERROR(VLOOKUP(A89, Tasks!A$89:E$133,5, FALSE), "") -> Django DB: Add question type and answer type to database | E89: 45044 | F89: Ismael | G89: Anton | H89: 3
A90: C17-11 | B90: =IFERROR(VLOOKUP(A90, Tasks!A$89:E$133,2, FALSE), "") -> 3 | C90: =IFERROR(VLOOKUP(A90, Tasks!A$89:E$133,3, FALSE), "") -> C17 | D90: =IFERROR(VLOOKUP(A90, Tasks!A$89:E$133,5, FALSE), "") -> FXML + Client + Refactor: Refactor HTML, LaTeX, plain text into learning mode | E90: 45013 | F90: Francesco | G90: Ben David | H90: 1
A91: C17-8 | B91: =IFERROR(VLOOKUP(A91, Tasks!A$89:E$133,2, FALSE), "") -> 3 | C91: =IFERROR(VLOOKUP(A91, Tasks!A$89:E$133,3, FALSE), "") -> C17 | D91: =IFERROR(VLOOKUP(A91, Tasks!A$89:E$133,5, FALSE), "") -> FXML + Client: Add latexView in learningMode | E91: 45013 | F91: Francesco | G91: Ben David | H91: 1.5
A92: C15-2 | B92: =IFERROR(VLOOKUP(A92, Tasks!A$89:E$133,2, FALSE), "") -> 3 | C92: =IFERROR(VLOOKUP(A92, Tasks!A$89:E$133,3, FALSE), "") -> C15 | D92: =IFERROR(VLOOKUP(A92, Tasks!A$89:E$133,5, FALSE), "") -> Export/import: Serialize/Deserialize deck (JSON) and export to file (or create deck) | E92: 45045 | F92: Elliot | G92: Emile | H92: 2
A93: C10-4 | B93: =IFERROR(VLOOKUP(A93, Tasks!A$89:E$133,2, FALSE), "") -> 3 | C93: =IFERROR(VLOOKUP(A93, Tasks!A$89:E$133,3, FALSE), "") -> C10 | D93: =IFERROR(VLOOKUP(A93, Tasks!A$89:E$133,5, FALSE), "") -> Server: Deployment (on Cloud) + DNS | E93: 45045 | F93: Ben David | G93: Luca | H93: 1.5
A94: C10-11 | B94: =IFERROR(VLOOKUP(A94, Tasks!A$89:E$133,2, FALSE), "") -> 3 | C94: =IFERROR(VLOOKUP(A94, Tasks!A$89:E$133,3, FALSE), "") -> C10 | D94: =IFERROR(VLOOKUP(A94, Tasks!A$89:E$133,5, FALSE), "") -> Server: Bug fixes and tags server side | E94: 45045 | F94: Anton | G94: Francesco | H94: 2
A95: C10-10 | B95: =IFERROR(VLOOKUP(A95, Tasks!A$89:E$133,2, FALSE), "") -> 3 | C95: =IFERROR(VLOOKUP(A95, Tasks!A$89:E$133,3, FALSE), "") -> C10 | D95: =IFERROR(VLOOKUP(A95, Tasks!A$89:E$133,5, FALSE), "") -> Server: Add API for Sign Up (create an account) + edit password | E95: 45045 | F95: Anton | G95: Ismael | H95: 1
A96: C10-13 | B96: =IFERROR(VLOOKUP(A96, Tasks!A$89:E$133,2, FALSE), "") -> 3 | C96: =IFERROR(VLOOKUP(A96, Tasks!A$89:E$133,3, FALSE), "") -> C10 | D96: =IFERROR(VLOOKUP(A96, Tasks!A$89:E$133,5, FALSE), "") -> Refactor services | E96: 45046 | F96: Dave | H96: 2
A97: C15-2 | B97: =IFERROR(VLOOKUP(A97, Tasks!A$89:E$133,2, FALSE), "") -> 3 | C97: =IFERROR(VLOOKUP(A97, Tasks!A$89:E$133,3, FALSE), "") -> C15 | D97: =IFERROR(VLOOKUP(A97, Tasks!A$89:E$133,5, FALSE), "") -> Export/import: Serialize/Deserialize deck (JSON) and export to file (or create deck) | E97: 45046 | F97: Elliot | G97: Emile | H97: 1
A98: C10-13 | B98: =IFERROR(VLOOKUP(A98, Tasks!A$89:E$133,2, FALSE), "") -> 3 | C98: =IFERROR(VLOOKUP(A98, Tasks!A$89:E$133,3, FALSE), "") -> C10 | D98: =IFERROR(VLOOKUP(A98, Tasks!A$89:E$133,5, FALSE), "") -> Refactor services | E98: 45046 | F98: Anton | G98: Ben David | H98: 1
A99: D7-7 | B99: =IFERROR(VLOOKUP(A99, Tasks!A$89:E$133,2, FALSE), "") -> 3 | C99: =IFERROR(VLOOKUP(A99, Tasks!A$89:E$133,3, FALSE), "") -> D7 | D99: =IFERROR(VLOOKUP(A99, Tasks!A$89:E$133,5, FALSE), "") -> Service: Create a UserService with DTOs + Refactor | E99: 45046 | F99: Luca | G99: Théo | H99: 1
A100: D7-15 | B100: =IFERROR(VLOOKUP(A100, Tasks!A$89:E$133,2, FALSE), "") -> 3 | C100: =IFERROR(VLOOKUP(A100, Tasks!A$89:E$133,3, FALSE), "") -> D7 | D100: =IFERROR(VLOOKUP(A100, Tasks!A$89:E$133,5, FALSE), "") -> Refactor + FXML + Client: Fix Review Mode | E100: 45046 | F100: Francesco | H100: 1.5
A101: C10-15 | B101: =IFERROR(VLOOKUP(A101, Tasks!A$89:E$133,2, FALSE), "") -> 3 | C101: =IFERROR(VLOOKUP(A101, Tasks!A$89:E$133,3, FALSE), "") -> C10 | D101: =IFERROR(VLOOKUP(A101, Tasks!A$89:E$133,5, FALSE), "") -> fix tags in UI + refactor | E101: 45047 | F101: Anton | H101: 2
A102: C10-16 | B102: =IFERROR(VLOOKUP(A102, Tasks!A$89:E$133,2, FALSE), "") -> 3 | C102: =IFERROR(VLOOKUP(A102, Tasks!A$89:E$133,3, FALSE), "") -> C10 | D102: =IFERROR(VLOOKUP(A102, Tasks!A$89:E$133,5, FALSE), "") -> API Client bug fixes | E102: 45046 | F102: Dave | G102: Anton | H102: 3
A103: D7-7 | B103: =IFERROR(VLOOKUP(A103, Tasks!A$89:E$133,2, FALSE), "") -> 3 | C103: =IFERROR(VLOOKUP(A103, Tasks!A$89:E$133,3, FALSE), "") -> D7 | D103: =IFERROR(VLOOKUP(A103, Tasks!A$89:E$133,5, FALSE), "") -> Service: Create a UserService with DTOs + Refactor | E103: 45047 | F103: Luca | G103: Théo | H103: 3
A104: C15-3 | B104: =IFERROR(VLOOKUP(A104, Tasks!A$89:E$133,2, FALSE), "") -> 3 | C104: =IFERROR(VLOOKUP(A104, Tasks!A$89:E$133,3, FALSE), "") -> C15 | D104: =IFERROR(VLOOKUP(A104, Tasks!A$89:E$133,5, FALSE), "") -> Export/Import: Rewrite tests | E104: 45046 | F104: Emile | H104: 1
A105: D7-17 | B105: =IFERROR(VLOOKUP(A105, Tasks!A$89:E$133,2, FALSE), "") -> 3 | C105: =IFERROR(VLOOKUP(A105, Tasks!A$89:E$133,3, FALSE), "") -> D7 | D105: =IFERROR(VLOOKUP(A105, Tasks!A$89:E$133,5, FALSE), "") -> Refactor error handling | E105: 45047 | F105: Anton | H105: 2
A106: C15-1 | B106: =IFERROR(VLOOKUP(A106, Tasks!A$89:E$133,2, FALSE), "") -> 3 | C106: =IFERROR(VLOOKUP(A106, Tasks!A$89:E$133,3, FALSE), "") -> C15 | D106: =IFERROR(VLOOKUP(A106, Tasks!A$89:E$133,5, FALSE), "") -> FXML: Add dropdown buttons on the UI to Export/Import JSON on the ProfileView + File Browser + PDF | E106: 45047 | F106: Elliot | G106: Emile | H106: 1.5
A107: D7-18 | B107: =IFERROR(VLOOKUP(A107, Tasks!A$89:E$133,2, FALSE), "") -> 3 | C107: =IFERROR(VLOOKUP(A107, Tasks!A$89:E$133,3, FALSE), "") -> D7 | D107: =IFERROR(VLOOKUP(A107, Tasks!A$89:E$133,5, FALSE), "") -> Bug: fix the json deck exporter file chooser not working properly | E107: 45047 | F107: Antoine | G107: Emile | H107: 1
...

Sheet Tasks
A1: C stories are Customer Stories D stories are Developer Stories
A2: ID | B2: Iteration | C2: Story | D2: Priority | E2: Task | F2: Pilote | G2: Co-Pilote | H2: Estimate | I2: Real | J2: Deadline | K2: Status | L2: Notes
A3: C1-1 | B3: 1 | C3: C1 | D3: 1 | E3: Mise en place Maven front-end | F3: Luca | G3: Antoine | H3: 0.5 | I3: 1 | K3: Done
A4: C1-2 | B4: 1 | C4: C1 | D4: 1 | E4: Mise en place font custom | F4: Antoine | G4: Luca | H4: 0.25 | I4: 1 | K4: Done
A5: C1-3 | B5: 1 | C5: C1 | D5: 1 | E5: Mise en place classes principales | F5: Luca | G5: Antoine | H5: 0.25 | I5: 0.5 | K5: Done
A6: C1-4 | B6: 1 | C6: C1 | D6: 1 | E6: Création d’un component pour le layout | F6: Luca | G6: Antoine | H6: 0.5 | I6: 1 | K6: Done
A7: C1-5 | B7: 1 | C7: C1 | D7: 1 | E7: Création styles de base | F7: Antoine | G7: Luca | H7: 1 | I7: 2 | K7: Done
A8: C1-6 | B8: 1 | C8: C1 | D8: 1 | E8: Création vue profil | F8: Antoine | G8: Luca | H8: 1 | I8: 1 | K8: Done
A9: C1-7 | B9: 1 | C9: C1 | D9: 1 | E9: Création de la vue settings | F9: Luca | G9: Antoine | H9: 1 | I9: 0.5 | K9: Done
A10: C1-8 | B10: 1 | C10: C1 | D10: 1 | E10: Style vue profil | F10: Antoine | G10: Luca | H10: 1 | I10: 2 | K10: Done
A11: C1-9 | B11: 1 | C11: C1 | D11: 1 | E11: Style vue settings | F11: Luca | G11: Antoine | H11: 1 | I11: 1 | K11: Done
A12: C1-10 | B12: 1 | C12: C1 | D12: 1 | E12: Liaisons avec les vues Login et Signup | F12: Antoine | G12: Luca | H12: 0.5 | I12: 0.5 | K12: Done
A13: C1-11 | B13: 1 | C13: C1 | D13: 1 | E13: Génération dynamique d’éléments UI dans profil et settings | F13: Luca | G13: Antoine | H13: 0.5 | I13: 0.5 | K13: Done
A14: C1-12 | B14: 1 | C14: C1 | D14: 1 | E14: Documentation Javadoc | F14: Antoine | G14: Luca | H14: 0.5 | I14: 1 | K14: Done
... A41: C3-11 | B41: 1 | C41: C3 | D41: 1 | E41: Création de tests pour les classes modèles | F41: Emile | G41: Théo | H41: 1 | I41: 0.5 | K41: Done
A42: C2-1 | B42: 2 | C42: C2 | D42: 1 | E42: DB: Create Deck & Card model in database (CRUD) | F42: Dave | G42: Anton | H42: 2 | I42: =SUMIF(Task_hours!A$4:A$997, A42, Task_hours!H$4:H$997) -> 10 | K42: Done
A43: C2-2 | B43: 2 | C43: C2 | D43: 1 | E43: EditDeck (FXML): Create global title and edit buttons | F43: Elliot | G43: Antoine | H43: 1 | I43: =SUMIF(Task_hours!A$4:A$997, A43, Task_hours!H$4:H$997) -> 1.5 | K43: Done
A44: C2-3 | B44: 2 | C44: C2 | D44: 1 | E44: EditDeck (FXML): Create deck list table | F44: Elliot | G44: Antoine | H44: 2 | I44: =SUMIF(Task_hours!A$4:A$997, A44, Task_hours!H$4:H$997) -> 2.5 | K44: Done
A45: C2-4 | B45: 2 | C45: C2 | D45: 1 | E45: EditDeck (DeckEditController): Load fake deck cards dynamically in list | F45: Antoine | G45: Elliot | H45: 1 | I45: =SUMIF(Task_hours!A$4:A$997, A45, Task_hours!H$4:H$997) -> 0.5 | K45: Done | L45: To be linked with database
A46: C2-5 | B46: 2 | C46: C2 | D46: 1 | E46: EditDeck(FXML): Edit button popup to edit question and answer | F46: Antoine | G46: Elliot | H46: 2 | I46: =SUMIF(Task_hours!A$4:A$997, A46, Task_hours!H$4:H$997) -> 2 | K46: Done
A47: C2-6 | B47: 2 | C47: C2 | D47: 1 | E47: EditDeck(DeckEditController): Edit button logic to edit question and answer in popup | F47: Antoine | G47: Elliot | H47: 2 | I47: =SUMIF(Task_hours!A$4:A$997, A47, Task_hours!H$4:H$997) -> 1 | K47: Done | L47: To be linked with database
A48: C2-7 | B48: 2 | C48: C2 | D48: 1 | E48: EditDeck(FXML): Delete button to delete question | F48: Antoine | G48: Elliot | H48: 1 | I48: =SUMIF(Task_hours!A$4:A$997, A48, Task_hours!H$4:H$997) -> 0.5 | K48: Done
A49: C2-8 | B49: 2 | C49: C2 | D49: 1 | E49: EditDeck(DeckEditController): Delete button logic to delete question | F49: Elliot | G49: Antoine | H49: 2 | I49: =SUMIF(Task_hours!A$4:A$997, A49, Task_hours!H$4:H$997) -> 0.5 | K49: Done
A50: C2-9 | B50: 2 | C50: C2 | D50: 1 | E50: EditDeck(DeckEditController) : Edit deck properties logic (title, category) | F50: Elliot | G50: Antoine | H50: 3 | I50: =SUMIF(Task_hours!A$4:A$997, A50, Task_hours!H$4:H$997) -> 0.5 | K50: Done
A51: C2-10 | B51: 2 | C51: C2 | D51: 1 | E51: Deck List: Deck creation & deletion from the view | F51: Théo | G51: Luca | H51: 3 | I51: =SUMIF(Task_hours!A$4:A$997, A51, Task_hours!H$4:H$997) -> 2.5 | K51: Done
A52: C2-11 | B52: 2 | C52: C2 | D52: 1 | E52: Deck List: Load decks from the database in the view | F52: Théo | G52: Luca | H52: 3 | I52: =SUMIF(Task_hours!A$4:A$997, A52, Task_hours!H$4:H$997) -> 1 | K52: Done
A53: C2-12 | B53: 2 | C53: C2 | D53: 1 | E53: Deck List: Filter deck by category/theme | F53: Antoine | G53: Ismael | H53: 4 | I53: =SUMIF(Task_hours!A$4:A$997, A53, Task_hours!H$4:H$997) -> 3.5 | K53: Done
A54: C2-13 | B54: 2 | C54: C2 | D54: 1 | E54: DeckList (FXML): Delete button warning popup to delete deck & card | F54: Théo | G54: Dave | H54: 1 | I54: =SUMIF(Task_hours!A$4:A$997, A54, Task_hours!H$4:H$997) -> 0.5 | K54: Done
A55: C2-14 | B55: 2 | C55: C2 | D55: 1 | E55: DeckList (ProfileController): Pass deck ID from profile view to deckEdit view when pushing edit btn | F55: Elliot | G55: Antoine | H55: 2 | I55: =SUMIF(Task_hours!A$4:A$997, A55, Task_hours!H$4:H$997) -> 1 | K55: Done | L55: See node.getScene().getWindow() and stage.setUserData()
A56: C2-15 | B56: 2 | C56: C2 | D56: 1 | E56: EditDeck(FXML): Add card popup | F56: Antoine | G56: Elliot | H56: 1 | I56: =SUMIF(Task_hours!A$4:A$997, A56, Task_hours!H$4:H$997) -> 0.5 | K56: Done
A57: C2-16 | B57: 2 | C57: C2 | D57: 1 | E57: EditDeck(FXML): edit title and category popups | F57: Antoine | G57: Elliot | H57: 1 | I57: =SUMIF(Task_hours!A$4:A$997, A57, Task_hours!H$4:H$997) -> 0.5 | K57: Done
A58: C2-18 | B58: 2 | C58: C2 | D58: 1 | E58: EditDeck(FXML): make vboxes question/answer for cards | F58: Luca | G58: Antoine | H58: 2 | I58: =SUMIF(Task_hours!A$4:A$997, A58, Task_hours!H$4:H$997) -> 1 | K58: Done
A59: C2-19 | B59: 2 | C59: C2 | D59: 2 | E59: EditDeck(docs): make docstrings and comments for all classes | F59: Francesco | H59: 2 | I59: =SUMIF(Task_hours!A$4:A$997, A59, Task_hours!H$4:H$997) -> 2.5 | K59: Done
A60: C2-20 | B60: 2 | C60: C2 | D60: 1 | E60: EditDeck(FXML): Add scrolling in edit deck view | F60: Antoine | G60: Luca | H60: 2 | I60: =SUMIF(Task_hours!A$4:A$997, A60, Task_hours!H$4:H$997) -> 0.5 | K60: Done
A61: C2-21 | B61: 2 | C61: C2 | D61: 1 | E61: DeckList(FXML): Add scrolling in DeckList/Profile/settings view | F61: Ismael | G61: Dave | H61: 1.5 | I61: =SUMIF(Task_hours!A$4:A$997, A61, Task_hours!H$4:H$997) -> 1 | K61: Done
A62: C2-22 | B62: 2 | C62: C2 | D62: 1 | E62: DeckList(FXML): text wrapping for DeckList/Profile view | F62: Dave | G62: Ismael | H62: 1 | I62: =SUMIF(Task_hours!A$4:A$997, A62, Task_hours!H$4:H$997) -> 1 | K62: Done
A63: C2-23 | B63: 2 | C63: C2 | D63: 1 | E63: EditDeck(FXML): add category in view | F63: Dave | G63: Ismael | H63: 2 | I63: =SUMIF(Task_hours!A$4:A$997, A63, Task_hours!H$4:H$997) -> 2 | K63: Done
A64: C2-25 | B64: 2 | C64: C2 | D64: 2 | E64: EditDeck(FXML): warning popup before deleting card | F64: Elliot | G64: Antoine | H64: 0.5 | I64: =SUMIF(Task_hours!A$4:A$997, A64, Task_hours!H$4:H$997) -> 0 | K64: Done
A65: C2-26 | B65: 2 | C65: C2 | D65: 1 | E65: Fix(Database): Tables are created only when calling getInstance() | F65: Luca | G65: Ismael | H65: 1 | I65: =SUMIF(Task_hours!A$4:A$997, A65, Task_hours!H$4:H$997) -> 0.5 | K65: Done
A66: C2-27 | B66: 2 | C66: C2 | D66: 1 | E66: DB: Create interface between controller & database for managing decks & cards | F66: Luca | G66: Francesco | H66: 2 | I66: =SUMIF(Task_hours!A$4:A$997, A66, Task_hours!H$4:H$997) -> 3 | K66: Done
A67: C2-28 | B67: 2 | C67: C2 | D67: 1 | E67: Refactor(Database): Remove the perfomanceType entity (replace with simple integer) | F67: Dave | H67: 0.5 | I67: =SUMIF(Task_hours!A$4:A$997, A67, Task_hours!H$4:H$997) -> 0.5 | K67: Done
A68: C2-29 | B68: 2 | C68: C2 | D68: 1 | E68: Fix(Database): Fixed issue in test caused by database, refactor database | F68: Luca | H68: 3 | I68: =SUMIF(Task_hours!A$4:A$997, A68, Task_hours!H$4:H$997) -> 2.5 | K68: Done
A69: C4-1 | B69: 2 | C69: C4 | D69: 1 | E69: Study: Refactor the editDeck view into the static Study view (FlashCard view) | F69: Luca | G69: Emile | H69: 8 | I69: =SUMIF(Task_hours!A$4:A$997, A69, Task_hours!H$4:H$997) -> 3 | K69: Done
A70: C4-2 | B70: 2 | C70: C4 | D70: 1 | E70: Study: Load cards from database into Study view | F70: Emile | G70: Théo | H70: 4 | I70: =SUMIF(Task_hours!A$4:A$997, A70, Task_hours!H$4:H$997) -> 4.5 | K70: Done
A71: C4-4 | B71: 2 | C71: C4 | D71: 1 | E71: Study: Add text wrapping in Study view for answer & question | F71: Francesco | G71: Ismael | H71: 1 | I71: =SUMIF(Task_hours!A$4:A$997, A71, Task_hours!H$4:H$997) -> 0.5 | K71: Done
A72: C6-1 | B72: 2 | C72: C6 | D72: 2 | E72: Study Mode: Implement the "Review" study mode | F72: Ben David | G72: Francesco | H72: 8 | I72: =SUMIF(Task_hours!A$4:A$997, A72, Task_hours!H$4:H$997) -> 6 | K72: Done
A73: C6-2 | B73: 2 | C73: C6 | D73: 2 | E73: Study Mode: Implement the "Free" study mode | F73: Ben David | G73: Francesco | H73: 8 | I73: =SUMIF(Task_hours!A$4:A$997, A73, Task_hours!H$4:H$997) -> 4 | K73: Done
A74: C6-3 | B74: 2 | C74: C6 | D74: 1 | E74: Study Mode: Create a controller for "Review" Mode | F74: Francesco | G74: Luca | H74: 4 | I74: =SUMIF(Task_hours!A$4:A$997, A74, Task_hours!H$4:H$997) -> 4 | K74: Done
A75: C6-4 | B75: 2 | C75: C6 | D75: 1 | E75: Study Mode: Implements the tests | F75: Francesco | G75: Ben David | H75: 2 | I75: =SUMIF(Task_hours!A$4:A$997, A75, Task_hours!H$4:H$997) -> 1.5 | K75: Done
A76: C6-5 | B76: 2 | C76: C6 | D76: 1 | E76: Study Mode: Refactor Sutdy views and handle exceptions | F76: Dave | G76: Théo | H76: 4 | I76: =SUMIF(Task_hours!A$4:A$997, A76, Task_hours!H$4:H$997) -> 4 | K76: Done
A77: C6-6 | B77: 2 | C77: C6 | D77: 2 | E77: Study Mode: create a view for "Free" study mode | F77: Anton | G77: Théo | H77: 1 | I77: =SUMIF(Task_hours!A$4:A$997, A77, Task_hours!H$4:H$997) -> 1.5 | K77: Done
A78: D1-1 | B78: 2 | C78: D1 | D78: 3 | E78: CI/CD: Create a CI/CD action to test, check format & build | F78: Anton | G78: Ben David | H78: 5 | I78: =SUMIF(Task_hours!A$4:A$997, A78, Task_hours!H$4:H$997) -> 3.5 | K78: Done
A79: D2-1 | B79: 2 | C79: D2 | D79: 1 | E79: Refactor: Split the SignIn & SignUp controller | F79: Francesco | G79: Dave | H79: 1 | I79: =SUMIF(Task_hours!A$4:A$997, A79, Task_hours!H$4:H$997) -> 1 | K79: Done
A80: D2-2 | B80: 2 | C80: D2 | D80: 1 | E80: Refactor: Split the Profile & Settings Controller | F80: Luca | G80: Ismael | H80: 1 | I80: =SUMIF(Task_hours!A$4:A$997, A80, Task_hours!H$4:H$997) -> 2 | K80: Done
... A83: D3-2 | B83: 2 | C83: D3 | D83: 3 | E83: Tracking: Burndown Chart | F83: Luca | G83: Antoine | H83: 1 | I83: =SUMIF(Task_hours!A$4:A$997, A83, Task_hours!H$4:H$997) -> 1 | K83: Done
A84: D4-1 | B84: 2 | C84: D4 | D84: 3 | E84: Docs: refaire le README.md | F84: Francesco | H84: 0.5 | I84: =SUMIF(Task_hours!A$4:A$997, A84, Task_hours!H$4:H$997) -> 0.5 | K84: Done
A85: D5-1 | B85: 2 | C85: D5 | D85: 1 | E85: Refactor: navigation manager design | F85: Luca | G85: Antoine | H85: 1 | I85: =SUMIF(Task_hours!A$4:A$997, A85, Task_hours!H$4:H$997) -> 1 | K85: Done
A86: D5-2 | B86: 2 | C86: D5 | D86: 1 | E86: Refactor: navigation manager implementation | F86: Luca | G86: Antoine | H86: 1 | I86: =SUMIF(Task_hours!A$4:A$997, A86, Task_hours!H$4:H$997) -> 1 | K86: Done
A87: D5-3 | B87: 2 | C87: D5 | D87: 1 | E87: Feat: Add params in navigation | F87: Luca | G87: Antoine | H87: 1.5 | I87: =SUMIF(Task_hours!A$4:A$997, A87, Task_hours!H$4:H$997) -> 1.5 | K87: Done
A88: D6-1 | B88: 2 | C88: D6 | D88: 1 | E88: Refactor: handling all runtime errors in code; replace signature errors in try/catch blocks | F88: Francesco | G88: Ismael | H88: 2 | I88: =SUMIF(Task_hours!A$4:A$997, A88, Task_hours!H$4:H$997) -> 3 | K88: Done | L88: We don't know how to handle database errors, need help
A89: C10-1 | B89: 3 | C89: C10 | D89: 1 | E89: Server: Setup Django App with Docker Compose (Initial Setup) + Architecture | F89: Elliot | G89: Anton | H89: 4 | I89: =SUMIF(Task_hours!A$57:A$997, A89, Task_hours!H$57:H$997) -> 3 | K89: Done
A90: C10-10 | B90: 3 | C90: C10 | D90: 1 | E90: Server: Add API for Sign Up (create an account) + edit password | F90: Anton | G90: Ismael | H90: 2 | I90: =SUMIF(Task_hours!A$57:A$997, A90, Task_hours!H$57:H$997) -> 1 | K90: Done
A91: C10-11 | B91: 3 | C91: C10 | D91: 2 | E91: Server: Bug fixes and tags server side | F91: Anton | G91: Francesco | H91: 2 | I91: =SUMIF(Task_hours!A$57:A$997, A91, Task_hours!H$57:H$997) -> 2 | K91: Done
A92: C10-13 | B92: 3 | C92: C10 | D92: 1 | E92: Refactor services | F92: Dave | H92: 2 | I92: =SUMIF(Task_hours!A$57:A$997, A92, Task_hours!H$57:H$997) -> 3 | K92: Done
A93: C10-13 | B93: 3 | C93: C10 | D93: 1 | E93: Server tags deletion | F93: Anton | G93: Ben David | H93: 1 | I93: =SUMIF(Task_hours!A$57:A$997, A93, Task_hours!H$57:H$997) -> 3 | K93: Done
A94: C10-2 | B94: 3 | C94: C10 | D94: 1 | E94: Server: ORM Models in Django + Admin Interface | F94: Dave | G94: Anton | H94: 3 | I94: =SUMIF(Task_hours!A$57:A$997, A94, Task_hours!H$57:H$997) -> 3 | K94: Done
A95: C10-3 | B95: 3 | C95: C10 | D95: 1 | E95: Server: Serializers and Deserializers (JSON) | F95: Antoine | G95: Luca | H95: 3 | I95: =SUMIF(Task_hours!A$57:A$997, A95, Task_hours!H$57:H$997) -> 1 | K95: Done
A96: C10-4 | B96: 3 | C96: C10 | D96: 1 | E96: Server: Deployment (on Cloud) + DNS | F96: Ben David | G96: Luca | H96: 3 | I96: =SUMIF(Task_hours!A$57:A$997, A96, Task_hours!H$57:H$997) -> 4.5 | K96: Done
A97: C10-5 | B97: 3 | C97: C10 | D97: 2 | E97: Server: Generate Swagger docs | F97: Ismael | G97: Théo | H97: 2 | I97: =SUMIF(Task_hours!A$57:A$997, A97, Task_hours!H$57:H$997) -> 2 | K97: Done
A98: C10-6 | B98: 3 | C98: C10 | D98: 2 | E98: Client: Refactor services (Call HTTP API) | F98: Francesco | G98: Dave | H98: 3 | I98: =SUMIF(Task_hours!A$57:A$997, A98, Task_hours!H$57:H$997) -> 6 | K98: Done
A99: C10-7 | B99: 3 | C99: C10 | D99: 2 | E99: Client: Refactor services (Call HTTP API) with swapped pilot-copilot | F99: Dave | G99: Francesco | H99: 4 | I99: =SUMIF(Task_hours!A$57:A$997, A99, Task_hours!H$57:H$997) -> 5 | K99: Done
A100: C10-8 | B100: 3 | C100: C10 | D100: 1 | E100: Finish setting up docker and django | F100: Anton | G100: Francesco | H100: 2 | I100: =SUMIF(Task_hours!A$57:A$997, A100, Task_hours!H$57:H$997) -> 2.5 | K100: Done
A101: C10-9 | B101: 3 | C101: C10 | D101: 1 | E101: Finish api (tests + security) | F101: Anton | G101: Dave | H101: 3 | I101: 0 | K101: Done
A102: C15-1 | B102: 3 | C102: C15 | D102: 1 | E102: FXML: Add dropdown buttons on the UI to Export/Import JSON on the ProfileView + File Browser + PDF | F102: Elliot | G102: Emile | H102: 3 | I102: =SUMIF(Task_hours!A$57:A$997, A102, Task_hours!H$57:H$997) -> 2 | K102: Done
A103: C15-2 | B103: 3 | C103: C15 | D103: 1 | E103: Export/import: Serialize/Deserialize deck (JSON) and export to file (or create deck) | F103: Elliot | G103: Emile | H103: 6 | I103: =SUMIF(Task_hours!A$57:A$997, A103, Task_hours!H$57:H$997) -> 5.5 | K103: Done
A104: C15-3 | B104: 3 | C104: C15 | D104: 1 | E104: Export/Import: Rewrite tests | F104: Emile | H104: 1 | I104: =SUMIF(Task_hours!A$57:A$997, A104, Task_hours!H$57:H$997) -> 1 | K104: Done
A105: C16-1 | B105: 3 | C105: C16 | D105: 1 | E105: FXML: Add buttons on the UI to download PDF (Add option in Export ?) | F105: Antoine | G105: Dave | H105: 3 | I105: =SUMIF(Task_hours!A$57:A$997, A105, Task_hours!H$57:H$997) -> 0.5 | K105: Done
A106: C16-2 | B106: 3 | C106: C16 | D106: 1 | E106: PDF: Add logic to download PDF | F106: Antoine | G106: Dave | H106: 5 | I106: =SUMIF(Task_hours!A$57:A$997, A106, Task_hours!H$57:H$997) -> 2 | K106: Done
A107: C16-3 | B107: 3 | C107: C16 | D107: 2 | E107: PDF: Format PDF | F107: Dave | G107: Antoine | H107: 2 | I107: =SUMIF(Task_hours!A$57:A$997, A107, Task_hours!H$57:H$997) -> 1 | K107: Done
A108: C16-4 | B108: 3 | C108: C16 | D108: 3 | E108: PDF: format A6 for cards | F108: Antoine | G108: Ismael | H108: 2 | I108: =SUMIF(Task_hours!A$57:A$997, A108, Task_hours!H$57:H$997) -> 3 | K108: Done
A109: C16-5 | B109: 3 | C109: C16 | D109: 3 | E109: PDF: Add popup when a deck is downloaded | F109: Dave | G109: Antoine | H109: 0.5 | I109: =SUMIF(Task_hours!A$57:A$997, A109, Task_hours!H$57:H$997) -> 0.5 | K109: Done
A110: C17-11 | B110: 3 | C110: C17 | D110: 1 | E110: FXML + Client + Refactor: Refactor HTML, LaTeX, plain text into learning mode | F110: Francesco | G110: Ben David | H110: 1.5 | I110: =SUMIF(Task_hours!A$57:A$997, A110, Task_hours!H$57:H$997) -> 1 | K110: Done
A111: C17-2 | B111: 3 | C111: C17 | D111: 1 | E111: Client: Parse LaTeX | F111: Ismael | G111: Francesco | H111: 5 | I111: =SUMIF(Task_hours!A$57:A$997, A111, Task_hours!H$57:H$997) -> 1 | K111: Done
A112: C17-3 | B112: 3 | C112: C17 | D112: 1 | E112: Client: Parse HTML | F112: Ben David | G112: Dave | H112: 5 | I112: =SUMIF(Task_hours!A$57:A$997, A112, Task_hours!H$57:H$997) -> 2 | K112: Done
A113: C17-4 | B113: 3 | C113: C17 | D113: 1 | E113: FXML: Create a radio button when inputting card to let the user decide what kind of input he wants | F113: Dave | G113: Ismael | H113: 2 | I113: =SUMIF(Task_hours!A$57:A$997, A113, Task_hours!H$57:H$997) -> 1.5 | K113: Done
A114: C17-5 | B114: 3 | C114: C17 | D114: 1 | E114: FXML:: Create a webView when studying HTML | F114: Théo | G114: Ben David | H114: 3 | I114: =SUMIF(Task_hours!A$57:A$997, A114, Task_hours!H$57:H$997) -> 2.5 | K114: Done
A115: C17-6 | B115: 3 | C115: C17 | D115: 1 | E115: Django DB: Add question type and answer type to database | F115: Ismael | G115: Anton | H115: 3 | I115: =SUMIF(Task_hours!A$57:A$997, A115, Task_hours!H$57:H$997) -> 3 | K115: Done
A116: C17-7 | B116: 3 | C116: C17 | D116: 1 | E116: FXML + Client: Add latexView in editDeck | F116: Francesco | G116: Ben David | H116: 3 | I116: =SUMIF(Task_hours!A$57:A$997, A116, Task_hours!H$57:H$997) -> 3 | K116: Done
... A121: D7-11 | B121: 3 | C121: D7 | D121: 2 | E121: FXML: Popups should be styled the same as the rest of the application | F121: Théo | G121: Ismael | H121: 4 | I121: =SUMIF(Task_hours!A$57:A$997, A121, Task_hours!H$57:H$997) -> 3 | K121: Done
A122: D7-11-1 | B122: 3 | C122: D7 | D122: 3 | E122: FXML: Empty EditCardView : Question/Answer is empty | CreateDeck : Deckname/Tag is empty--> Add Popup | F122: Ismael | H122: 1 | I122: 0 | K122: Done
A123: D7-12 | B123: 3 | C123: D7 | D123: 2 | E123: MVC: Refactor the view controllers and controllers to respect the MVC patterns | F123: Luca | H123: 3 | I123: =SUMIF(Task_hours!A$57:A$997, A123, Task_hours!H$57:H$997) -> 4 | K123: Done
A124: D7-13 | B124: 3 | C124: D7 | D124: 3 | E124: ci: refactor CI/CD + build Django docker image | F124: Luca | H124: 2 | I124: =SUMIF(Task_hours!A$57:A$997, A124, Task_hours!H$57:H$997) -> 2 | K124: Done
A125: D7-14 | B125: 3 | C125: D7 | D125: 3 | E125: CreateCard: add length limit to size of question and answer (e.g. max 250 chars per question or per answer) | F125: Théo | G125: Ismael | H125: 2 | I125: =SUMIF(Task_hours!A$57:A$997, A125, Task_hours!H$57:H$997) -> 2.5 | K125: Done
A126: D7-15 | B126: 3 | C126: D7 | D126: 1 | E126: Refactor + FXML + Client: Fix Review Mode | F126: Francesco | H126: 2 | I126: =SUMIF(Task_hours!A$57:A$997, A126, Task_hours!H$57:H$997) -> 1.5 | K126: Done
A127: D7-7 | B127: 3 | C127: D7 | D127: 1 | E127: Service: Create a UserService with DTOs + Refactor | F127: Luca | G127: Théo | H127: 3 | I127: =SUMIF(Task_hours!A$57:A$997, A127, Task_hours!H$57:H$997) -> 5 | K127: Done
A128: C10-15 | B128: 3 | C128: C10 | D128: 1 | E128: fix tags in UI + refactor | F128: Anton | G128: Ben David | H128: 2 | I128: =SUMIF(Task_hours!A$57:A$997, A128, Task_hours!H$57:H$997) -> 4 | K128: Done
A129: C10-16 | B129: 3 | C129: C10 | D129: 1 | E129: API Client bug fixes | F129: Dave | G129: Anton | H129: 4 | I129: =SUMIF(Task_hours!A$57:A$997, A129, Task_hours!H$57:H$997) -> 3 | K129: Done
A130: D7-17 | B130: 3 | C130: D7 | D130: 2 | E130: Refactor error handling | F130: Anton | H130: 2 | I130: =SUMIF(Task_hours!A$57:A$997, A130, Task_hours!H$57:H$997) -> 2 | K130: Done
A131: D7-18 | B131: 3 | C131: D7 | D131: 1 | E131: Bug: fix the json deck exporter file chooser not working properly | F131: Antoine | G131: Emile | H131: 1 | I131: =SUMIF(Task_hours!A$57:A$997, A131, Task_hours!H$57:H$997) -> 1 | K131: Done
A132: C17-12 | B132: 3 | C132: C17 | D132: 1 | E132: Refactor + client + server: Make card use card type and not be statically bound | F132: Francesco | G132: Anton | H132: 1.5 | I132: =SUMIF(Task_hours!A$57:A$997, A132, Task_hours!H$57:H$997) -> 2 | K132: Done
...

Sheet Calendar
A1: 2 | B1: Backlog | D1: Progress | F1: Estimated Total | J1: Iteration 2 (Week 1) | X1: Iteration 2 (Week 2) | AL1: Iteration 2 (Week 3)
B2: Estimate/Iteration | D2: Estimate/Iteration | F2: Estimate/Iteration | H2: Total/Iteration | J2: 44999 | L2: 45000 | N2: 45001 | P2: 45002 | R2: 45003 | T2: 45004 | V2: 45012 | X2: 45013 | Z2: 45014 | AB2: 45015 | AD2: 45016 | AF2: 45017 | AH2: 45018 | AJ2: 45033 | AL2: Iteration 2 has no Week 3
A3: Members | B3: P | C3: COP | D3: P | E3: COP | F3: P | G3: COP | H3: P | I3: COP | J3: P | K3: COP | L3: P | M3: COP | N3: P | O3: COP | P3: P | Q3: COP | R3: P | S3: COP | T3: P | U3: COP | V3: P | W3: COP | X3: P | Y3: COP | Z3: P | AA3: COP | AB3: P | AC3: COP | AD3: P | AE3: COP | AF3: P | AG3: COP | AH3: P | AI3: COP | AJ3: P | AK3: COP
A4: Dave | B4: =SUMIFS(Tasks!$H$3:$H1004, Tasks!$F$3:$F1004, $A4, Tasks!$B$3:$B1004, $A$1, Tasks!$K$3:$K1004, "Backlog") -> 0 | C4: =SUMIFS(Tasks!$H$3:$H1004, Tasks!$G$3:$G1004, $A4, Tasks!$B$3:$B1004, $A$1, Tasks!$K$3:$K1004, "Backlog") -> 0 | D4: =SUMIFS(Tasks!$H$3:$H1004, Tasks!$F$3:$F1004, $A4, Tasks!$B$3:$B1004, $A$1, Tasks!$K$3:$K1004, "Progress")-SUMIFS(Tasks!$I$3:$I1004, Tasks!$F$3:$F1004, $A4, Tasks!$B$3:$B1004, $A$1, Tasks!$K$3:$K1004, "Progress") -> 0 | E4: =SUMIFS(Tasks!$H$3:$H1004, Tasks!$G$3:$G1004, $A4, Tasks!$B$3:$B1004, $A$1, Tasks!$K$3:$K1004, "Progress")-SUMIFS(Tasks!$I$3:$I1004, Tasks!$G$3:$G1004, $A4, Tasks!$B$3:$B1004, $A$1, Tasks!$K$3:$K1004, "Progress") -> 0 | F4: =H4+B4 -> 14 | G4: =I4+C4 -> 10 | H4: =SUM(J4,L4,N4,P4,R4,T4,V4,X4,Z4,AB4,AD4,AF4,AH4,AJ4) -> 14 | I4: =SUM(K4,M4,O4,Q4,S4,U4,W4,Y4,AA4,AC4,AE4,AG4,AI4,AK4) -> 10 | J4: =SUMIFS(Task_hours!$H$4:$H$997, Task_hours!$E$4:$E$997, J$2, Task_hours!$F$4:$F$997, $A4) -> 0 | K4: =SUMIFS(Task_hours!$H$4:$H$997, Task_hours!$E$4:$E$997, J$2, Task_hours!$G$4:$G$997, $A4) -> 0 | L4: =SUMIFS(Task_hours!$H$4:$H$997, Task_hours!$E$4:$E$997, L$2, Task_hours!$F$4:$F$997, $A4) -> 0 | M4: =SUMIFS(Task_hours!$H$4:$H$997, Task_hours!$E$4:$E$997, L$2, Task_hours!$G$4:$G$997, $A4) -> 0 | N4: =SUMIFS(Task_hours!$H$4:$H$997, Task_hours!$E$4:$E$997, N$2, Task_hours!$F$4:$F$997, $A4) -> 0 | O4: =SUMIFS(Task_hours!$H$4:$H$997, Task_hours!$E$4:$E$997, N$2, Task_hours!$G$4:$G$997, $A4) -> 0 | P4: =SUMIFS(Task_hours!$H$4:$H$997, Task_hours!$E$4:$E$997, P$2, Task_hours!$F$4:$F$997, $A4) -> 0 | Q4: =SUMIFS(Task_hours!$H$4:$H$997, Task_hours!$E$4:$E$997, P$2, Task_hours!$G$4:$G$997, $A4) -> 3 | R4: =SUMIFS(Task_hours!$H$4:$H$997, Task_hours!$E$4:$E$997, R$2, Task_hours!$F$4:$F$997, $A4) -> 0 | S4: =SUMIFS(Task_hours!$H$4:$H$997, Task_hours!$E$4:$E$997, R$2, Task_hours!$G$4:$G$997, $A4) -> 0 | T4: =SUMIFS(Task_hours!$H$4:$H$997, Task_hours!$E$4:$E$997, T$2, Task_hours!$F$4:$F$997, $A4) -> 4 | U4: =SUMIFS(Task_hours!$H$4:$H$997, Task_hours!$E$4:$E$997, T$2, Task_hours!$G$4:$G$997, $A4) -> 0 | V4: =SUMIFS(Task_hours!$H$4:$H$997, Task_hours!$E$4:$E$997, V$2, Task_hours!$F$4:$F$997, $A4) -> 3 | W4: =SUMIFS(Task_hours!$H$4:$H$997, Task_hours!$E$4:$E$997, V$2, Task_hours!$G$4:$G$997, $A4) -> 0 | X4: =SUMIFS(Task_hours!$H$4:$H$997, Task_hours!$E$4:$E$997, X$2, Task_hours!$F$4:$F$997, $A4) -> 0 | Y4: =SUMIFS(Task_hours!$H$4:$H$997, Task_hours!$E$4:$E$997, X$2, Task_hours!$G$4:$G$997, $A4) -> 0 | Z4: =SUMIFS(Task_hours!$H$4:$H$997, Task_hours!$E$4:$E$997, Z$2, Task_hours!$F$4:$F$997, $A4) -> 0 | AA4: =SUMIFS(Task_hours!$H$4:$H$997, Task_hours!$E$4:$E$997, Z$2, Task_hours!$G$4:$G$997, $A4) -> 0 | AB4: =SUMIFS(Task_hours!$H$4:$H$997, Task_hours!$E$4:$E$997, AB$2, Task_hours!$F$4:$F$997, $A4) -> 0 | AC4: =SUMIFS(Task_hours!$H$4:$H$997, Task_hours!$E$4:$E$997, AB$2, Task_hours!$G$4:$G$997, $A4) -> 0 | AD4: =SUMIFS(Task_hours!$H$4:$H$997, Task_hours!$E$4:$E$997, AD$2, Task_hours!$F$4:$F$997, $A4) -> 0 | AE4: =SUMIFS(Task_hours!$H$4:$H$997, Task_hours!$E$4:$E$997, AD$2, Task_hours!$G$4:$G$997, $A4) -> 0 | AF4: =SUMIFS(Task_hours!$H$4:$H$997, Task_hours!$E$4:$E$997, AF$2, Task_hours!$F$4:$F$997, $A4) -> 0 | AG4: =SUMIFS(Task_hours!$H$4:$H$997, Task_hours!$E$4:$E$997, AF$2, Task_hours!$G$4:$G$997, $A4) -> 0 | AH4: =SUMIFS(Task_hours!$H$4:$H$997, Task_hours!$E$4:$E$997, AH$2, Task_hours!$F$4:$F$997, $A4) -> 3 | AI4: =SUMIFS(Task_hours!$H$4:$H$997, Task_hours!$E$4:$E$997, AH$2, Task_hours!$G$4:$G$997, $A4) -> 5 | AJ4: =SUMIFS(Task_hours!$H$4:$H$997, Task_hours!$E$4:$E$997, AJ$2, Task_hours!$F$4:$F$997, $A4) -> 4 | AK4: =SUMIFS(Task_hours!$H$4:$H$997, Task_hours!$E$4:$E$997, AJ$2, Task_hours!$G$4:$G$997, $A4) -> 2 | AL4: =SUMIFS(Task_hours!$H$4:$H$997, Task_hours!$E$4:$E$997, AL$2, Task_hours!$F$4:$F$997, $A4) -> 0 | AM4: =SUMIFS(Task_hours!$H$4:$H$997, Task_hours!$E$4:$E$997, AL$2, Task_hours!$G$4:$G$997, $A4) -> 0 | AN4: =SUMIFS(Task_hours!$H$4:$H$997, Task_hours!$E$4:$E$997, AN$2, Task_hours!$F$4:$F$997, $A4) -> 0 | AO4: =SUMIFS(Task_hours!$H$4:$H$997, Task_hours!$E$4:$E$997, AN$2, Task_hours!$G$4:$G$997, $A4) -> 0 | AP4: =SUMIFS(Task_hours!$H$4:$H$997, Task_hours!$E$4:$E$997, AP$2, Task_hours!$F$4:$F$997, $A4) -> 0 | AQ4: =SUMIFS(Task_hours!$H$4:$H$997, Task_hours!$E$4:$E$997, AP$2, Task_hours!$G$4:$G$997, $A4) -> 0 | AR4: =SUMIFS(Task_hours!$H$4:$H$997, Task_hours!$E$4:$E$997, AR$2, Task_hours!$F$4:$F$997, $A4) -> 0 | AS4: =SUMIFS(Task_hours!$H$4:$H$997, Task_hours!$E$4:$E$997, AR$2, Task_hours!$G$4:$G$997, $A4) -> 0 | AT4: =SUMIFS(Task_hours!$H$4:$H$997, Task_hours!$E$4:$E$997, AT$2, Task_hours!$F$4:$F$997, $A4) -> 0 | AU4: =SUMIFS(Task_hours!$H$4:$H$997, Task_hours!$E$4:$E$997, AT$2, Task_hours!$G$4:$G$997, $A4) -> 0 | AV4: =SUMIFS(Task_hours!$H$4:$H$997, Task_hours!$E$4:$E$997, AV$2, Task_hours!$F$4:$F$997, $A4) -> 0 | AW4: =SUMIFS(Task_hours!$H$4:$H$997, Task_hours!$E$4:$E$997, AV$2, Task_hours!$G$4:$G$997, $A4) -> 0 | AX4: =SUMIFS(Task_hours!$H$4:$H$997, Task_hours!$E$4:$E$997, AX$2, Task_hours!$F$4:$F$997, $A4) -> 0 | AY4: =SUMIFS(Task_hours!$H$4:$H$997, Task_hours!$E$4:$E$997, AX$2, Task_hours!$G$4:$G$997, $A4) -> 0
A5: Anton | B5: =SUMIFS(Tasks!$H$3:$H1004, Tasks!$F$3:$F1004, $A5, Tasks!$B$3:$B1004, $A$1, Tasks!$K$3:$K1004, "Backlog") -> 0 | C5: =SUMIFS(Tasks!$H$3:$H1004, Tasks!$G$3:$G1004, $A5, Tasks!$B$3:$B1004, $A$1, Tasks!$K$3:$K1004, "Backlog") -> 0 | D5: =SUMIFS(Tasks!$H$3:$H1004, Tasks!$F$3:$F1004, $A5, Tasks!$B$3:$B1004, $A$1, Tasks!$K$3:$K1004, "Progress")-SUMIFS(Tasks!$I$3:$I1004, Tasks!$F$3:$F1004, $A5, Tasks!$B$3:$B1004, $A$1, Tasks!$K$3:$K1004, "Progress") -> 0 | E5: =SUMIFS(Tasks!$H$3:$H1004, Tasks!$G$3:$G1004, $A5, Tasks!$B$3:$B1004, $A$1, Tasks!$K$3:$K1004, "Progress")-SUMIFS(Tasks!$I$3:$I1004, Tasks!$G$3:$G1004, $A5, Tasks!$B$3:$B1004, $A$1, Tasks!$K$3:$K1004, "Progress") -> 0 | F5: =H5+B5 -> 6.5 | G5: =I5+C5 -> 7 | H5: =SUM(J5,L5,N5,P5,R5,T5,V5,X5,Z5,AB5,AD5,AF5,AH5,AJ5) -> 6.5 | I5: =SUM(K5,M5,O5,Q5,S5,U5,W5,Y5,AA5,AC5,AE5,AG5,AI5,AK5) -> 7 | J5: =SUMIFS(Task_hours!$H$4:$H$997, Task_hours!$E$4:$E$997, J$2, Task_hours!$F$4:$F$997, $A5) -> 0 | K5: =SUMIFS(Task_hours!$H$4:$H$997, Task_hours!$E$4:$E$997, J$2, Task_hours!$G$4:$G$997, $A5) -> 0 | L5: =SUMIFS(Task_hours!$H$4:$H$997, Task_hours!$E$4:$E$997, L$2, Task_hours!$F$4:$F$997, $A5) -> 0 | M5: =SUMIFS(Task_hours!$H$4:$H$997, Task_hours!$E$4:$E$997, L$2, Task_hours!$G$4:$G$997, $A5) -> 0 | N5: =SUMIFS(Task_hours!$H$4:$H$997, Task_hours!$E$4:$E$997, N$2, Task_hours!$F$4:$F$997, $A5) -> 0 | O5: =SUMIFS(Task_hours!$H$4:$H$997, Task_hours!$E$4:$E$997, N$2, Task_hours!$G$4:$G$997, $A5) -> 0 | P5: =SUMIFS(Task_hours!$H$4:$H$997, Task_hours!$E$4:$E$997, P$2, Task_hours!$F$4:$F$997, $A5) -> 0 | Q5: =SUMIFS(Task_hours!$H$4:$H$997, Task_hours!$E$4:$E$997, P$2, Task_hours!$G$4:$G$997, $A5) -> 0 | R5: =SUMIFS(Task_hours!$H$4:$H$997, Task_hours!$E$4:$E$997, R$2, Task_hours!$F$4:$F$997, $A5) -> 0 | S5: =SUMIFS(Task_hours!$H$4:$H$997, Task_hours!$E$4:$E$997, R$2, Task_hours!$G$4:$G$997, $A5) -> 0 | T5: =SUMIFS(Task_hours!$H$4:$H$997, Task_hours!$E$4:$E$997, T$2, Task_hours!$F$4:$F$997, $A5) -> 0 | U5: =SUMIFS(Task_hours!$H$4:$H$997, Task_hours!$E$4:$E$997, T$2, Task_hours!$G$4:$G$997, $A5) -> 4 | V5: =SUMIFS(Task_hours!$H$4:$H$997, Task_hours!$E$4:$E$997, V$2, Task_hours!$F$4:$F$997, $A5) -> 0 | W5: =SUMIFS(Task_hours!$H$4:$H$997, Task_hours!$E$4:$E$997, V$2, Task_hours!$G$4:$G$997, $A5) -> 3 | X5: =SUMIFS(Task_hours!$H$4:$H$997, Task_hours!$E$4:$E$997, X$2, Task_hours!$F$4:$F$997, $A5) -> 0 | Y5: =SUMIFS(Task_hours!$H$4:$H$997, Task_hours!$E$4:$E$997, X$2, Task_hours!$G$4:$G$997, $A5) -> 0 | Z5: =SUMIFS(Task_hours!$H$4:$H$997, Task_hours!$E$4:$E$997, Z$2, Task_hours!$F$4:$F$997, $A5) -> 0 | AA5: =SUMIFS(Task_hours!$H$4:$H$997, Task_hours!$E$4:$E$997, Z$2, Task_hours!$G$4:$G$997, $A5) -> 0 | AB5: =SUMIFS(Task_hours!$H$4:$H$997, Task_hours!$E$4:$E$997, AB$2, Task_hours!$F$4:$F$997, $A5) -> 0 | AC5: =SUMIFS(Task_hours!$H$4:$H$997, Task_hours!$E$4:$E$997, AB$2, Task_hours!$G$4:$G$997, $A5) -> 0 | AD5: =SUMIFS(Task_hours!$H$4:$H$997, Task_hours!$E$4:$E$997, AD$2, Task_hours!$F$4:$F$997, $A5) -> 0 | AE5: =SUMIFS(Task_hours!$H$4:$H$997, Task_hours!$E$4:$E$997, AD$2, Task_hours!$G$4:$G$997, $A5) -> 0 | AF5: =SUMIFS(Task_hours!$H$4:$H$997, Task_hours!$E$4:$E$997, AF$2, Task_hours!$F$4:$F$997, $A5) -> 0 | AG5: =SUMIFS(Task_hours!$H$4:$H$997, Task_hours!$E$4:$E$997, AF$2, Task_hours!$G$4:$G$997, $A5) -> 0 | AH5: =SUMIFS(Task_hours!$H$4:$H$997, Task_hours!$E$4:$E$997, AH$2, Task_hours!$F$4:$F$997, $A5) -> 3 | AI5: =SUMIFS(Task_hours!$H$4:$H$997, Task_hours!$E$4:$E$997, AH$2, Task_hours!$G$4:$G$997, $A5) -> 0 | AJ5: =SUMIFS(Task_hours!$H$4:$H$997, Task_hours!$E$4:$E$997, AJ$2, Task_hours!$F$4:$F$997, $A5) -> 3.5 | AK5: =SUMIFS(Task_hours!$H$4:$H$997, Task_hours!$E$4:$E$997, AJ$2, Task_hours!$G$4:$G$997, $A5) -> 0 | AL5: =SUMIFS(Task_hours!$H$4:$H$997, Task_hours!$E$4:$E$997, AL$2, Task_hours!$F$4:$F$997, $A5) -> 0 | AM5: =SUMIFS(Task_hours!$H$4:$H$997, Task_hours!$E$4:$E$997, AL$2, Task_hours!$G$4:$G$997, $A5) -> 0 | AN5: =SUMIFS(Task_hours!$H$4:$H$997, Task_hours!$E$4:$E$997, AN$2, Task_hours!$F$4:$F$997, $A5) -> 0 | AO5: =SUMIFS(Task_hours!$H$4:$H$997, Task_hours!$E$4:$E$997, AN$2, Task_hours!$G$4:$G$997, $A5) -> 0 | AP5: =SUMIFS(Task_hours!$H$4:$H$997, Task_hours!$E$4:$E$997, AP$2, Task_hours!$F$4:$F$997, $A5) -> 0 | AQ5: =SUMIFS(Task_hours!$H$4:$H$997, Task_hours!$E$4:$E$997, AP$2, Task_hours!$G$4:$G$997, $A5) -> 0 | AR5: =SUMIFS(Task_hours!$H$4:$H$997, Task_hours!$E$4:$E$997, AR$2, Task_hours!$F$4:$F$997, $A5) -> 0 | AS5: =SUMIFS(Task_hours!$H$4:$H$997, Task_hours!$E$4:$E$997, AR$2, Task_hours!$G$4:$G$997, $A5) -> 0 | AT5: =SUMIFS(Task_hours!$H$4:$H$997, Task_hours!$E$4:$E$997, AT$2, Task_hours!$F$4:$F$997, $A5) -> 0 | AU5: =SUMIFS(Task_hours!$H$4:$H$997, Task_hours!$E$4:$E$997, AT$2, Task_hours!$G$4:$G$997, $A5) -> 0 | AV5: =SUMIFS(Task_hours!$H$4:$H$997, Task_hours!$E$4:$E$997, AV$2, Task_hours!$F$4:$F$997, $A5) -> 0 | AW5: =SUMIFS(Task_hours!$H$4:$H$997, Task_hours!$E$4:$E$997, AV$2, Task_hours!$G$4:$G$997, $A5) -> 0 | AX5: =SUMIFS(Task_hours!$H$4:$H$997, Task_hours!$E$4:$E$997, AX$2, Task_hours!$F$4:$F$997, $A5) -> 0 | AY5: =SUMIFS(Task_hours!$H$4:$H$997, Task_hours!$E$4:$E$997, AX$2, Task_hours!$G$4:$G$997, $A5) -> 0
A6: Ismael | B6: =SUMIFS(Tasks!$H$3:$H1004, Tasks!$F$3:$F1004, $A6, Tasks!$B$3:$B1004, $A$1, Tasks!$K$3:$K1004, "Backlog") -> 0 | C6: =SUMIFS(Tasks!$H$3:$H1004, Tasks!$G$3:$G1004, $A6, Tasks!$B$3:$B1004, $A$1, Tasks!$K$3:$K1004, "Backlog") -> 0 | D6: =SUMIFS(Tasks!$H$3:$H1004, Tasks!$F$3:$F1004, $A6, Tasks!$B$3:$B1004, $A$1, Tasks!$K$3:$K1004, "Progress")-SUMIFS(Tasks!$I$3:$I1004, Tasks!$F$3:$F1004, $A6, Tasks!$B$3:$B1004, $A$1, Tasks!$K$3:$K1004, "Progress") -> 0 | E6: =SUMIFS(Tasks!$H$3:$H1004, Tasks!$G$3:$G1004, $A6, Tasks!$B$3:$B1004, $A$1, Tasks!$K$3:$K1004, "Progress")-SUMIFS(Tasks!$I$3:$I1004, Tasks!$G$3:$G1004, $A6, Tasks!$B$3:$B1004, $A$1, Tasks!$K$3:$K1004, "Progress") -> 0 | F6: =H6+B6 -> 2 | G6: =I6+C6 -> 11.5 | H6: =SUM(J6,L6,N6,P6,R6,T6,V6,X6,Z6,AB6,AD6,AF6,AH6,AJ6) -> 2 | I6: =SUM(K6,M6,O6,Q6,S6,U6,W6,Y6,AA6,AC6,AE6,AG6,AI6,AK6) -> 11.5 | J6: =SUMIFS(Task_hours!$H$4:$H$997, Task_hours!$E$4:$E$997, J$2, Task_hours!$F$4:$F$997, $A6) -> 0 | K6: =SUMIFS(Task_hours!$H$4:$H$997, Task_hours!$E$4:$E$997, J$2, Task_hours!$G$4:$G$997, $A6) -> 0 | L6: =SUMIFS(Task_hours!$H$4:$H$997, Task_hours!$E$4:$E$997, L$2, Task_hours!$F$4:$F$997, $A6) -> 0 | M6: =SUMIFS(Task_hours!$H$4:$H$997, Task_hours!$E$4:$E$997, L$2, Task_hours!$G$4:$G$997, $A6) -> 0 | N6: =SUMIFS(Task_hours!$H$4:$H$997, Task_hours!$E$4:$E$997, N$2, Task_hours!$F$4:$F$997, $A6) -> 0 | O6: =SUMIFS(Task_hours!$H$4:$H$997, Task_hours!$E$4:$E$997, N$2, Task_hours!$G$4:$G$997, $A6) -> 0 | P6: =SUMIFS(Task_hours!$H$4:$H$997, Task_hours!$E$4:$E$997, P$2, Task_hours!$F$4:$F$997, $A6) -> 0 | Q6: =SUMIFS(Task_hours!$H$4:$H$997, Task_hours!$E$4:$E$997, P$2, Task_hours!$G$4:$G$997, $A6) -> 1 | R6: =SUMIFS(Task_hours!$H$4:$H$997, Task_hours!$E$4:$E$997, R$2, Task_hours!$F$4:$F$997, $A6) -> 0 | S6: =SUMIFS(Task_hours!$H$4:$H$997, Task_hours!$E$4:$E$997, R$2, Task_hours!$G$4:$G$997, $A6) -> 0 | T6: =SUMIFS(Task_hours!$H$4:$H$997, Task_hours!$E$4:$E$997, T$2, Task_hours!$F$4:$F$997, $A6) -> 0 | U6: =SUMIFS(Task_hours!$H$4:$H$997, Task_hours!$E$4:$E$997, T$2, Task_hours!$G$4:$G$997, $A6) -> 0 | V6: =SUMIFS(Task_hours!$H$4:$H$997, Task_hours!$E$4:$E$997, V$2, Task_hours!$F$4:$F$997, $A6) -> 0 | W6: =SUMIFS(Task_hours!$H$4:$H$997, Task_hours!$E$4:$E$997, V$2, Task_hours!$G$4:$G$997, $A6) -> 0 | X6: =SUMIFS(Task_hours!$H$4:$H$997, Task_hours!$E$4:$E$997, X$2, Task_hours!$F$4:$F$997, $A6) -> 0 | Y6: =SUMIFS(Task_hours!$H$4:$H$997, Task_hours!$E$4:$E$997, X$2, Task_hours!$G$4:$G$997, $A6) -> 0 | Z6: =SUMIFS(Task_hours!$H$4:$H$997, Task_hours!$E$4:$E$997, Z$2, Task_hours!$F$4:$F$997, $A6) -> 0 | AA6: =SUMIFS(Task_hours!$H$4:$H$997, Task_hours!$E$4:$E$997, Z$2, Task_hours!$G$4:$G$997, $A6) -> 0 | AB6: =SUMIFS(Task_hours!$H$4:$H$997, Task_hours!$E$4:$E$997, AB$2, Task_hours!$F$4:$F$997, $A6) -> 0 | AC6: =SUMIFS(Task_hours!$H$4:$H$997, Task_hours!$E$4:$E$997, AB$2, Task_hours!$G$4:$G$997, $A6) -> 0 | AD6: =SUMIFS(Task_hours!$H$4:$H$997, Task_hours!$E$4:$E$997, AD$2, Task_hours!$F$4:$F$997, $A6) -> 0 | AE6: =SUMIFS(Task_hours!$H$4:$H$997, Task_hours!$E$4:$E$997, AD$2, Task_hours!$G$4:$G$997, $A6) -> 0 | AF6: =SUMIFS(Task_hours!$H$4:$H$997, Task_hours!$E$4:$E$997, AF$2, Task_hours!$F$4:$F$997, $A6) -> 0 | AG6: =SUMIFS(Task_hours!$H$4:$H$997, Task_hours!$E$4:$E$997, AF$2, Task_hours!$G$4:$G$997, $A6) -> 0 | AH6: =SUMIFS(Task_hours!$H$4:$H$997, Task_hours!$E$4:$E$997, AH$2, Task_hours!$F$4:$F$997, $A6) -> 2 | AI6: =SUMIFS(Task_hours!$H$4:$H$997, Task_hours!$E$4:$E$997, AH$2, Task_hours!$G$4:$G$997, $A6) -> 3.5 | AJ6: =SUMIFS(Task_hours!$H$4:$H$997, Task_hours!$E$4:$E$997, AJ$2, Task_hours!$F$4:$F$997, $A6) -> 0 | AK6: =SUMIFS(Task_hours!$H$4:$H$997, Task_hours!$E$4:$E$997, AJ$2, Task_hours!$G$4:$G$997, $A6) -> 7 | AL6: =SUMIFS(Task_hours!$H$4:$H$997, Task_hours!$E$4:$E$997, AL$2, Task_hours!$F$4:$F$997, $A6) -> 0 | AM6: =SUMIFS(Task_hours!$H$4:$H$997, Task_hours!$E$4:$E$997, AL$2, Task_hours!$G$4:$G$997, $A6) -> 0 | AN6: =SUMIFS(Task_hours!$H$4:$H$997, Task_hours!$E$4:$E$997, AN$2, Task_hours!$F$4:$F$997, $A6) -> 0 | AO6: =SUMIFS(Task_hours!$H$4:$H$997, Task_hours!$E$4:$E$997, AN$2, Task_hours!$G$4:$G$997, $A6) -> 0 | AP6: =SUMIFS(Task_hours!$H$4:$H$997, Task_hours!$E$4:$E$997, AP$2, Task_hours!$F$4:$F$997, $A6) -> 0 | AQ6: =SUMIFS(Task_hours!$H$4:$H$997, Task_hours!$E$4:$E$997, AP$2, Task_hours!$G$4:$G$997, $A6) -> 0 | AR6: =SUMIFS(Task_hours!$H$4:$H$997, Task_hours!$E$4:$E$997, AR$2, Task_hours!$F$4:$F$997, $A6) -> 0 | AS6: =SUMIFS(Task_hours!$H$4:$H$997, Task_hours!$E$4:$E$997, AR$2, Task_hours!$G$4:$G$997, $A6) -> 0 | AT6: =SUMIFS(Task_hours!$H$4:$H$997, Task_hours!$E$4:$E$997, AT$2, Task_hours!$F$4:$F$997, $A6) -> 0 | AU6: =SUMIFS(Task_hours!$H$4:$H$997, Task_hours!$E$4:$E$997, AT$2, Task_hours!$G$4:$G$997, $A6) -> 0 | AV6: =SUMIFS(Task_hours!$H$4:$H$997, Task_hours!$E$4:$E$997, AV$2, Task_hours!$F$4:$F$997, $A6) -> 0 | AW6: =SUMIFS(Task_hours!$H$4:$H$997, Task_hours!$E$4:$E$997, AV$2, Task_hours!$G$4:$G$997, $A6) -> 0 | AX6: =SUMIFS(Task_hours!$H$4:$H$997, Task_hours!$E$4:$E$997, AX$2, Task_hours!$F$4:$F$997, $A6) -> 0 | AY6: =SUMIFS(Task_hours!$H$4:$H$997, Task_hours!$E$4:$E$997, AX$2, Task_hours!$G$4:$G$997, $A6) -> 0
A7: Luca | B7: =SUMIFS(Tasks!$H$3:$H1004, Tasks!$F$3:$F1004, $A7, Tasks!$B$3:$B1004, $A$1, Tasks!$K$3:$K1004, "Backlog") -> 0 | C7: =SUMIFS(Tasks!$H$3:$H1004, Tasks!$G$3:$G1004, $A7, Tasks!$B$3:$B1004, $A$1, Tasks!$K$3:$K1004, "Backlog") -> 0 | D7: =SUMIFS(Tasks!$H$3:$H1004, Tasks!$F$3:$F1004, $A7, Tasks!$B$3:$B1004, $A$1, Tasks!$K$3:$K1004, "Progress")-SUMIFS(Tasks!$I$3:$I1004, Tasks!$F$3:$F1004, $A7, Tasks!$B$3:$B1004, $A$1, Tasks!$K$3:$K1004, "Progress") -> 0 | E7: =SUMIFS(Tasks!$H$3:$H1004, Tasks!$G$3:$G1004, $A7, Tasks!$B$3:$B1004, $A$1, Tasks!$K$3:$K1004, "Progress")-SUMIFS(Tasks!$I$3:$I1004, Tasks!$G$3:$G1004, $A7, Tasks!$B$3:$B1004, $A$1, Tasks!$K$3:$K1004, "Progress") -> 0 | F7: =H7+B7 -> 15.5 | G7: =I7+C7 -> 8 | H7: =SUM(J7,L7,N7,P7,R7,T7,V7,X7,Z7,AB7,AD7,AF7,AH7,AJ7) -> 15.5 | I7: =SUM(K7,M7,O7,Q7,S7,U7,W7,Y7,AA7,AC7,AE7,AG7,AI7,AK7) -> 8 | J7: =SUMIFS(Task_hours!$H$4:$H$997, Task_hours!$E$4:$E$997, J$2, Task_hours!$F$4:$F$997, $A7) -> 0 | K7: =SUMIFS(Task_hours!$H$4:$H$997, Task_hours!$E$4:$E$997, J$2, Task_hours!$G$4:$G$997, $A7) -> 0 | L7: =SUMIFS(Task_hours!$H$4:$H$997, Task_hours!$E$4:$E$997, L$2, Task_hours!$F$4:$F$997, $A7) -> 0 | M7: =SUMIFS(Task_hours!$H$4:$H$997, Task_hours!$E$4:$E$997, L$2, Task_hours!$G$4:$G$997, $A7) -> 0 | N7: =SUMIFS(Task_hours!$H$4:$H$997, Task_hours!$E$4:$E$997, N$2, Task_hours!$F$4:$F$997, $A7) -> 1 | O7: =SUMIFS(Task_hours!$H$4:$H$997, Task_hours!$E$4:$E$997, N$2, Task_hours!$G$4:$G$997, $A7) -> 1 | P7: =SUMIFS(Task_hours!$H$4:$H$997, Task_hours!$E$4:$E$997, P$2, Task_hours!$F$4:$F$997, $A7) -> 1 | Q7: =SUMIFS(Task_hours!$H$4:$H$997, Task_hours!$E$4:$E$997, P$2, Task_hours!$G$4:$G$997, $A7) -> 0 | R7: =SUMIFS(Task_hours!$H$4:$H$997, Task_hours!$E$4:$E$997, R$2, Task_hours!$F$4:$F$997, $A7) -> 0 | S7: =SUMIFS(Task_hours!$H$4:$H$997, Task_hours!$E$4:$E$997, R$2, Task_hours!$G$4:$G$997, $A7) -> 0 | T7: =SUMIFS(Task_hours!$H$4:$H$997, Task_hours!$E$4:$E$997, T$2, Task_hours!$F$4:$F$997, $A7) -> 2 | U7: =SUMIFS(Task_hours!$H$4:$H$997, Task_hours!$E$4:$E$997, T$2, Task_hours!$G$4:$G$997, $A7) -> 0 | V7: =SUMIFS(Task_hours!$H$4:$H$997, Task_hours!$E$4:$E$997, V$2, Task_hours!$F$4:$F$997, $A7) -> 3 | W7: =SUMIFS(Task_hours!$H$4:$H$997, Task_hours!$E$4:$E$997, V$2, Task_hours!$G$4:$G$997, $A7) -> 2.5 | X7: =SUMIFS(Task_hours!$H$4:$H$997, Task_hours!$E$4:$E$997, X$2, Task_hours!$F$4:$F$997, $A7) -> 0 | Y7: =SUMIFS(Task_hours!$H$4:$H$997, Task_hours!$E$4:$E$997, X$2, Task_hours!$G$4:$G$997, $A7) -> 0 | Z7: =SUMIFS(Task_hours!$H$4:$H$997, Task_hours!$E$4:$E$997, Z$2, Task_hours!$F$4:$F$997, $A7) -> 0 | AA7: =SUMIFS(Task_hours!$H$4:$H$997, Task_hours!$E$4:$E$997, Z$2, Task_hours!$G$4:$G$997, $A7) -> 0 | AB7: =SUMIFS(Task_hours!$H$4:$H$997, Task_hours!$E$4:$E$997, AB$2, Task_hours!$F$4:$F$997, $A7) -> 0 | AC7: =SUMIFS(Task_hours!$H$4:$H$997, Task_hours!$E$4:$E$997, AB$2, Task_hours!$G$4:$G$997, $A7) -> 0 | AD7: =SUMIFS(Task_hours!$H$4:$H$997, Task_hours!$E$4:$E$997, AD$2, Task_hours!$F$4:$F$997, $A7) -> 1 | AE7: =SUMIFS(Task_hours!$H$4:$H$997, Task_hours!$E$4:$E$997, AD$2, Task_hours!$G$4:$G$997, $A7) -> 0.5 | AF7: =SUMIFS(Task_hours!$H$4:$H$997, Task_hours!$E$4:$E$997, AF$2, Task_hours!$F$4:$F$997, $A7) -> 0 | AG7: =SUMIFS(Task_hours!$H$4:$H$997, Task_hours!$E$4:$E$997, AF$2, Task_hours!$G$4:$G$997, $A7) -> 0 | AH7: =SUMIFS(Task_hours!$H$4:$H$997, Task_hours!$E$4:$E$997, AH$2, Task_hours!$F$4:$F$997, $A7) -> 0.5 | AI7: =SUMIFS(Task_hours!$H$4:$H$997, Task_hours!$E$4:$E$997, AH$2, Task_hours!$G$4:$G$997, $A7) -> 0 | AJ7: =SUMIFS(Task_hours!$H$4:$H$997, Task_hours!$E$4:$E$997, AJ$2, Task_hours!$F$4:$F$997, $A7) -> 7 | AK7: =SUMIFS(Task_hours!$H$4:$H$997, Task_hours!$E$4:$E$997, AJ$2, Task_hours!$G$4:$G$997, $A7) -> 4 | AL7: =SUMIFS(Task_hours!$H$4:$H$997, Task_hours!$E$4:$E$997, AL$2, Task_hours!$F$4:$F$997, $A7) -> 0 | AM7: =SUMIFS(Task_hours!$H$4:$H$997, Task_hours!$E$4:$E$997, AL$2, Task_hours!$G$4:$G$997, $A7) -> 0 | AN7: =SUMIFS(Task_hours!$H$4:$H$997, Task_hours!$E$4:$E$997, AN$2, Task_hours!$F$4:$F$997, $A7) -> 0 | AO7: =SUMIFS(Task_hours!$H$4:$H$997, Task_hours!$E$4:$E$997, AN$2, Task_hours!$G$4:$G$997, $A7) -> 0 | AP7: =SUMIFS(Task_hours!$H$4:$H$997, Task_hours!$E$4:$E$997, AP$2, Task_hours!$F$4:$F$997, $A7) -> 0 | AQ7: =SUMIFS(Task_hours!$H$4:$H$997, Task_hours!$E$4:$E$997, AP$2, Task_hours!$G$4:$G$997, $A7) -> 0 | AR7: =SUMIFS(Task_hours!$H$4:$H$997, Task_hours!$E$4:$E$997, AR$2, Task_hours!$F$4:$F$997, $A7) -> 0 | AS7: =SUMIFS(Task_hours!$H$4:$H$997, Task_hours!$E$4:$E$997, AR$2, Task_hours!$G$4:$G$997, $A7) -> 0 | AT7: =SUMIFS(Task_hours!$H$4:$H$997, Task_hours!$E$4:$E$997, AT$2, Task_hours!$F$4:$F$997, $A7) -> 0 | AU7: =SUMIFS(Task_hours!$H$4:$H$997, Task_hours!$E$4:$E$997, AT$2, Task_hours!$G$4:$G$997, $A7) -> 0 | AV7: =SUMIFS(Task_hours!$H$4:$H$997, Task_hours!$E$4:$E$997, AV$2, Task_hours!$F$4:$F$997, $A7) -> 0 | AW7: =SUMIFS(Task_hours!$H$4:$H$997, Task_hours!$E$4:$E$997, AV$2, Task_hours!$G$4:$G$997, $A7) -> 0 | AX7: =SUMIFS(Task_hours!$H$4:$H$997, Task_hours!$E$4:$E$997, AX$2, Task_hours!$F$4:$F$997, $A7) -> 0 | AY7: =SUMIFS(Task_hours!$H$4:$H$997, Task_hours!$E$4:$E$997, AX$2, Task_hours!$G$4:$G$997, $A7) -> 0
A8: Antoine | B8: =SUMIFS(Tasks!$H$3:$H1004, Tasks!$F$3:$F1004, $A8, Tasks!$B$3:$B1004, $A$1, Tasks!$K$3:$K1004, "Backlog") -> 0 | C8: =SUMIFS(Tasks!$H$3:$H1004, Tasks!$G$3:$G1004, $A8, Tasks!$B$3:$B1004, $A$1, Tasks!$K$3:$K1004, "Backlog") -> 0 | D8: =SUMIFS(Tasks!$H$3:$H1004, Tasks!$F$3:$F1004, $A8, Tasks!$B$3:$B1004, $A$1, Tasks!$K$3:$K1004, "Progress")-SUMIFS(Tasks!$I$3:$I1004, Tasks!$F$3:$F1004, $A8, Tasks!$B$3:$B1004, $A$1, Tasks!$K$3:$K1004, "Progress") -> 0 | E8: =SUMIFS(Tasks!$H$3:$H1004, Tasks!$G$3:$G1004, $A8, Tasks!$B$3:$B1004, $A$1, Tasks!$K$3:$K1004, "Progress")-SUMIFS(Tasks!$I$3:$I1004, Tasks!$G$3:$G1004, $A8, Tasks!$B$3:$B1004, $A$1, Tasks!$K$3:$K1004, "Progress") -> 0 | F8: =H8+B8 -> 11.5 | G8: =I8+C8 -> 11 | H8: =SUM(J8,L8,N8,P8,R8,T8,V8,X8,Z8,AB8,AD8,AF8,AH8,AJ8) -> 11.5 | I8: =SUM(K8,M8,O8,Q8,S8,U8,W8,Y8,AA8,AC8,AE8,AG8,AI8,AK8) -> 11 | J8: =SUMIFS(Task_hours!$H$4:$H$997, Task_hours!$E$4:$E$997, J$2, Task_hours!$F$4:$F$997, $A8) -> 0 | K8: =SUMIFS(Task_hours!$H$4:$H$997, Task_hours!$E$4:$E$997, J$2, Task_hours!$G$4:$G$997, $A8) -> 0 | L8: =SUMIFS(Task_hours!$H$4:$H$997, Task_hours!$E$4:$E$997, L$2, Task_hours!$F$4:$F$997, $A8) -> 0 | M8: =SUMIFS(Task_hours!$H$4:$H$997, Task_hours!$E$4:$E$997, L$2, Task_hours!$G$4:$G$997, $A8) -> 0 | N8: =SUMIFS(Task_hours!$H$4:$H$997, Task_hours!$E$4:$E$997, N$2, Task_hours!$F$4:$F$997, $A8) -> 2 | O8: =SUMIFS(Task_hours!$H$4:$H$997, Task_hours!$E$4:$E$997, N$2, Task_hours!$G$4:$G$997, $A8) -> 2 | P8: =SUMIFS(Task_hours!$H$4:$H$997, Task_hours!$E$4:$E$997, P$2, Task_hours!$F$4:$F$997, $A8) -> 0 | Q8: =SUMIFS(Task_hours!$H$4:$H$997, Task_hours!$E$4:$E$997, P$2, Task_hours!$G$4:$G$997, $A8) -> 1 | R8: =SUMIFS(Task_hours!$H$4:$H$997, Task_hours!$E$4:$E$997, R$2, Task_hours!$F$4:$F$997, $A8) -> 0 | S8: =SUMIFS(Task_hours!$H$4:$H$997, Task_hours!$E$4:$E$997, R$2, Task_hours!$G$4:$G$997, $A8) -> 0 | T8: =SUMIFS(Task_hours!$H$4:$H$997, Task_hours!$E$4:$E$997, T$2, Task_hours!$F$4:$F$997, $A8) -> 3.5 | U8: =SUMIFS(Task_hours!$H$4:$H$997, Task_hours!$E$4:$E$997, T$2, Task_hours!$G$4:$G$997, $A8) -> 0 | V8: =SUMIFS(Task_hours!$H$4:$H$997, Task_hours!$E$4:$E$997, V$2, Task_hours!$F$4:$F$997, $A8) -> 2 | W8: =SUMIFS(Task_hours!$H$4:$H$997, Task_hours!$E$4:$E$997, V$2, Task_hours!$G$4:$G$997, $A8) -> 2 | X8: =SUMIFS(Task_hours!$H$4:$H$997, Task_hours!$E$4:$E$997, X$2, Task_hours!$F$4:$F$997, $A8) -> 0 | Y8: =SUMIFS(Task_hours!$H$4:$H$997, Task_hours!$E$4:$E$997, X$2, Task_hours!$G$4:$G$997, $A8) -> 0 | Z8: =SUMIFS(Task_hours!$H$4:$H$997, Task_hours!$E$4:$E$997, Z$2, Task_hours!$F$4:$F$997, $A8) -> 0 | AA8: =SUMIFS(Task_hours!$H$4:$H$997, Task_hours!$E$4:$E$997, Z$2, Task_hours!$G$4:$G$997, $A8) -> 0 | AB8: =SUMIFS(Task_hours!$H$4:$H$997, Task_hours!$E$4:$E$997, AB$2, Task_hours!$F$4:$F$997, $A8) -> 0 | AC8: =SUMIFS(Task_hours!$H$4:$H$997, Task_hours!$E$4:$E$997, AB$2, Task_hours!$G$4:$G$997, $A8) -> 3.5 | AD8: =SUMIFS(Task_hours!$H$4:$H$997, Task_hours!$E$4:$E$997, AD$2, Task_hours!$F$4:$F$997, $A8) -> 0.5 | AE8: =SUMIFS(Task_hours!$H$4:$H$997, Task_hours!$E$4:$E$997, AD$2, Task_hours!$G$4:$G$997, $A8) -> 1 | AF8: =SUMIFS(Task_hours!$H$4:$H$997, Task_hours!$E$4:$E$997, AF$2, Task_hours!$F$4:$F$997, $A8) -> 0 | AG8: =SUMIFS(Task_hours!$H$4:$H$997, Task_hours!$E$4:$E$997, AF$2, Task_hours!$G$4:$G$997, $A8) -> 0 | AH8: =SUMIFS(Task_hours!$H$4:$H$997, Task_hours!$E$4:$E$997, AH$2, Task_hours!$F$4:$F$997, $A8) -> 0 | AI8: =SUMIFS(Task_hours!$H$4:$H$997, Task_hours!$E$4:$E$997, AH$2, Task_hours!$G$4:$G$997, $A8) -> 0 | AJ8: =SUMIFS(Task_hours!$H$4:$H$997, Task_hours!$E$4:$E$997, AJ$2, Task_hours!$F$4:$F$997, $A8) -> 3.5 | AK8: =SUMIFS(Task_hours!$H$4:$H$997, Task_hours!$E$4:$E$997, AJ$2, Task_hours!$G$4:$G$997, $A8) -> 1.5 | AL8: =SUMIFS(Task_hours!$H$4:$H$997, Task_hours!$E$4:$E$997, AL$2, Task_hours!$F$4:$F$997, $A8) -> 0 | AM8: =SUMIFS(Task_hours!$H$4:$H$997, Task_hours!$E$4:$E$997, AL$2, Task_hours!$G$4:$G$997, $A8) -> 0 | AN8: =SUMIFS(Task_hours!$H$4:$H$997, Task_hours!$E$4:$E$997, AN$2, Task_hours!$F$4:$F$997, $A8) -> 0 | AO8: =SUMIFS(Task_hours!$H$4:$H$997, Task_hours!$E$4:$E$997, AN$2, Task_hours!$G$4:$G$997, $A8) -> 0 | AP8: =SUMIFS(Task_hours!$H$4:$H$997, Task_hours!$E$4:$E$997, AP$2, Task_hours!$F$4:$F$997, $A8) -> 0 | AQ8: =SUMIFS(Task_hours!$H$4:$H$997, Task_hours!$E$4:$E$997, AP$2, Task_hours!$G$4:$G$997, $A8) -> 0 | AR8: =SUMIFS(Task_hours!$H$4:$H$997, Task_hours!$E$4:$E$997, AR$2, Task_hours!$F$4:$F$997, $A8) -> 0 | AS8: =SUMIFS(Task_hours!$H$4:$H$997, Task_hours!$E$4:$E$997, AR$2, Task_hours!$G$4:$G$997, $A8) -> 0 | AT8: =SUMIFS(Task_hours!$H$4:$H$997, Task_hours!$E$4:$E$997, AT$2, Task_hours!$F$4:$F$997, $A8) -> 0 | AU8: =SUMIFS(Task_hours!$H$4:$H$997, Task_hours!$E$4:$E$997, AT$2, Task_hours!$G$4:$G$997, $A8) -> 0 | AV8: =SUMIFS(Task_hours!$H$4:$H$997, Task_hours!$E$4:$E$997, AV$2, Task_hours!$F$4:$F$997, $A8) -> 0 | AW8: =SUMIFS(Task_hours!$H$4:$H$997, Task_hours!$E$4:$E$997, AV$2, Task_hours!$G$4:$G$997, $A8) -> 0 | AX8: =SUMIFS(Task_hours!$H$4:$H$997, Task_hours!$E$4:$E$997, AX$2, Task_hours!$F$4:$F$997, $A8) -> 0 | AY8: =SUMIFS(Task_hours!$H$4:$H$997, Task_hours!$E$4:$E$997, AX$2, Task_hours!$G$4:$G$997, $A8) -> 0
A9: Ben David | B9: =SUMIFS(Tasks!$H$3:$H1004, Tasks!$F$3:$F1004, $A9, Tasks!$B$3:$B1004, $A$1, Tasks!$K$3:$K1004, "Backlog") -> 0 | C9: =SUMIFS(Tasks!$H$3:$H1004, Tasks!$G$3:$G1004, $A9, Tasks!$B$3:$B1004, $A$1, Tasks!$K$3:$K1004, "Backlog") -> 0 | D9: =SUMIFS(Tasks!$H$3:$H1004, Tasks!$F$3:$F1004, $A9, Tasks!$B$3:$B1004, $A$1, Tasks!$K$3:$K1004, "Progress")-SUMIFS(Tasks!$I$3:$I1004, Tasks!$F$3:$F1004, $A9, Tasks!$B$3:$B1004, $A$1, Tasks!$K$3:$K1004, "Progress") -> 0 | E9: =SUMIFS(Tasks!$H$3:$H1004, Tasks!$G$3:$G1004, $A9, Tasks!$B$3:$B1004, $A$1, Tasks!$K$3:$K1004, "Progress")-SUMIFS(Tasks!$I$3:$I1004, Tasks!$G$3:$G1004, $A9, Tasks!$B$3:$B1004, $A$1, Tasks!$K$3:$K1004, "Progress") -> 0 | F9: =H9+B9 -> 10 | G9: =I9+C9 -> 7.5 | H9: =SUM(J9,L9,N9,P9,R9,T9,V9,X9,Z9,AB9,AD9,AF9,AH9,AJ9) -> 10 | I9: =SUM(K9,M9,O9,Q9,S9,U9,W9,Y9,AA9,AC9,AE9,AG9,AI9,AK9) -> 7.5 | J9: =SUMIFS(Task_hours!$H$4:$H$997, Task_hours!$E$4:$E$997, J$2, Task_hours!$F$4:$F$997, $A9) -> 0 | K9: =SUMIFS(Task_hours!$H$4:$H$997, Task_hours!$E$4:$E$997, J$2, Task_hours!$G$4:$G$997, $A9) -> 0 | L9: =SUMIFS(Task_hours!$H$4:$H$997, Task_hours!$E$4:$E$997, L$2, Task_hours!$F$4:$F$997, $A9) -> 0 | M9: =SUMIFS(Task_hours!$H$4:$H$997, Task_hours!$E$4:$E$997, L$2, Task_hours!$G$4:$G$997, $A9) -> 0 | N9: =SUMIFS(Task_hours!$H$4:$H$997, Task_hours!$E$4:$E$997, N$2, Task_hours!$F$4:$F$997, $A9) -> 0 | O9: =SUMIFS(Task_hours!$H$4:$H$997, Task_hours!$E$4:$E$997, N$2, Task_hours!$G$4:$G$997, $A9) -> 0 | P9: =SUMIFS(Task_hours!$H$4:$H$997, Task_hours!$E$4:$E$997, P$2, Task_hours!$F$4:$F$997, $A9) -> 0 | Q9: =SUMIFS(Task_hours!$H$4:$H$997, Task_hours!$E$4:$E$997, P$2, Task_hours!$G$4:$G$997, $A9) -> 0 | R9: =SUMIFS(Task_hours!$H$4:$H$997, Task_hours!$E$4:$E$997, R$2, Task_hours!$F$4:$F$997, $A9) -> 0 | S9: =SUMIFS(Task_hours!$H$4:$H$997, Task_hours!$E$4:$E$997, R$2, Task_hours!$G$4:$G$997, $A9) -> 0 | T9: =SUMIFS(Task_hours!$H$4:$H$997, Task_hours!$E$4:$E$997, T$2, Task_hours!$F$4:$F$997, $A9) -> 6 | U9: =SUMIFS(Task_hours!$H$4:$H$997, Task_hours!$E$4:$E$997, T$2, Task_hours!$G$4:$G$997, $A9) -> 0 | V9: =SUMIFS(Task_hours!$H$4:$H$997, Task_hours!$E$4:$E$997, V$2, Task_hours!$F$4:$F$997, $A9) -> 4 | W9: =SUMIFS(Task_hours!$H$4:$H$997, Task_hours!$E$4:$E$997, V$2, Task_hours!$G$4:$G$997, $A9) -> 0 | X9: =SUMIFS(Task_hours!$H$4:$H$997, Task_hours!$E$4:$E$997, X$2, Task_hours!$F$4:$F$997, $A9) -> 0 | Y9: =SUMIFS(Task_hours!$H$4:$H$997, Task_hours!$E$4:$E$997, X$2, Task_hours!$G$4:$G$997, $A9) -> 2.5 | Z9: =SUMIFS(Task_hours!$H$4:$H$997, Task_hours!$E$4:$E$997, Z$2, Task_hours!$F$4:$F$997, $A9) -> 0 | AA9: =SUMIFS(Task_hours!$H$4:$H$997, Task_hours!$E$4:$E$997, Z$2, Task_hours!$G$4:$G$997, $A9) -> 1.5 | AB9: =SUMIFS(Task_hours!$H$4:$H$997, Task_hours!$E$4:$E$997, AB$2, Task_hours!$F$4:$F$997, $A9) -> 0 | AC9: =SUMIFS(Task_hours!$H$4:$H$997, Task_hours!$E$4:$E$997, AB$2, Task_hours!$G$4:$G$997, $A9) -> 0 | AD9: =SUMIFS(Task_hours!$H$4:$H$997, Task_hours!$E$4:$E$997, AD$2, Task_hours!$F$4:$F$997, $A9) -> 0 | AE9: =SUMIFS(Task_hours!$H$4:$H$997, Task_hours!$E$4:$E$997, AD$2, Task_hours!$G$4:$G$997, $A9) -> 0 | AF9: =SUMIFS(Task_hours!$H$4:$H$997, Task_hours!$E$4:$E$997, AF$2, Task_hours!$F$4:$F$997, $A9) -> 0 | AG9: =SUMIFS(Task_hours!$H$4:$H$997, Task_hours!$E$4:$E$997, AF$2, Task_hours!$G$4:$G$997, $A9) -> 0 | AH9: =SUMIFS(Task_hours!$H$4:$H$997, Task_hours!$E$4:$E$997, AH$2, Task_hours!$F$4:$F$997, $A9) -> 0 | AI9: =SUMIFS(Task_hours!$H$4:$H$997, Task_hours!$E$4:$E$997, AH$2, Task_hours!$G$4:$G$997, $A9) -> 0 | AJ9: =SUMIFS(Task_hours!$H$4:$H$997, Task_hours!$E$4:$E$997, AJ$2, Task_hours!$F$4:$F$997, $A9) -> 0 | AK9: =SUMIFS(Task_hours!$H$4:$H$997, Task_hours!$E$4:$E$997, AJ$2, Task_hours!$G$4:$G$997, $A9) -> 3.5 | AL9: =SUMIFS(Task_hours!$H$4:$H$997, Task_hours!$E$4:$E$997, AL$2, Task_hours!$F$4:$F$997, $A9) -> 0 | AM9: =SUMIFS(Task_hours!$H$4:$H$997, Task_hours!$E$4:$E$997, AL$2, Task_hours!$G$4:$G$997, $A9) -> 0 | AN9: =SUMIFS(Task_hours!$H$4:$H$997, Task_hours!$E$4:$E$997, AN$2, Task_hours!$F$4:$F$997, $A9) -> 0 | AO9: =SUMIFS(Task_hours!$H$4:$H$997, Task_hours!$E$4:$E$997, AN$2, Task_hours!$G$4:$G$997, $A9) -> 0 | AP9: =SUMIFS(Task_hours!$H$4:$H$997, Task_hours!$E$4:$E$997, AP$2, Task_hours!$F$4:$F$997, $A9) -> 0 | AQ9: =SUMIFS(Task_hours!$H$4:$H$997, Task_hours!$E$4:$E$997, AP$2, Task_hours!$G$4:$G$997, $A9) -> 0 | AR9: =SUMIFS(Task_hours!$H$4:$H$997, Task_hours!$E$4:$E$997, AR$2, Task_hours!$F$4:$F$997, $A9) -> 0 | AS9: =SUMIFS(Task_hours!$H$4:$H$997, Task_hours!$E$4:$E$997, AR$2, Task_hours!$G$4:$G$997, $A9) -> 0 | AT9: =SUMIFS(Task_hours!$H$4:$H$997, Task_hours!$E$4:$E$997, AT$2, Task_hours!$F$4:$F$997, $A9) -> 0 | AU9: =SUMIFS(Task_hours!$H$4:$H$997, Task_hours!$E$4:$E$997, AT$2, Task_hours!$G$4:$G$997, $A9) -> 0 | AV9: =SUMIFS(Task_hours!$H$4:$H$997, Task_hours!$E$4:$E$997, AV$2, Task_hours!$F$4:$F$997, $A9) -> 0 | AW9: =SUMIFS(Task_hours!$H$4:$H$997, Task_hours!$E$4:$E$997, AV$2, Task_hours!$G$4:$G$997, $A9) -> 0 | AX9: =SUMIFS(Task_hours!$H$4:$H$997, Task_hours!$E$4:$E$997, AX$2, Task_hours!$F$4:$F$997, $A9) -> 0 | AY9: =SUMIFS(Task_hours!$H$4:$H$997, Task_hours!$E$4:$E$997, AX$2, Task_hours!$G$4:$G$997, $A9) -> 0
A10: Francesco | B10: =SUMIFS(Tasks!$H$3:$H1004, Tasks!$F$3:$F1004, $A10, Tasks!$B$3:$B1004, $A$1, Tasks!$K$3:$K1004, "Backlog") -> 0 | C10: =SUMIFS(Tasks!$H$3:$H1004, Tasks!$G$3:$G1004, $A10, Tasks!$B$3:$B1004, $A$1, Tasks!$K$3:$K1004, "Backlog") -> 0 | D10: =SUMIFS(Tasks!$H$3:$H1004, Tasks!$F$3:$F1004, $A10, Tasks!$B$3:$B1004, $A$1, Tasks!$K$3:$K1004, "Progress")-SUMIFS(Tasks!$I$3:$I1004, Tasks!$F$3:$F1004, $A10, Tasks!$B$3:$B1004, $A$1, Tasks!$K$3:$K1004, "Progress") -> 0 | E10: =SUMIFS(Tasks!$H$3:$H1004, Tasks!$G$3:$G1004, $A10, Tasks!$B$3:$B1004, $A$1, Tasks!$K$3:$K1004, "Progress")-SUMIFS(Tasks!$I$3:$I1004, Tasks!$G$3:$G1004, $A10, Tasks!$B$3:$B1004, $A$1, Tasks!$K$3:$K1004, "Progress") -> 0 | F10: =H10+B10 -> 16.5 | G10: =I10+C10 -> 13 | H10: =SUM(J10,L10,N10,P10,R10,T10,V10,X10,Z10,AB10,AD10,AF10,AH10,AJ10) -> 16.5 | I10: =SUM(K10,M10,O10,Q10,S10,U10,W10,Y10,AA10,AC10,AE10,AG10,AI10,AK10) -> 13 | J10: =SUMIFS(Task_hours!$H$4:$H$997, Task_hours!$E$4:$E$997, J$2, Task_hours!$F$4:$F$997, $A10) -> 0 | K10: =SUMIFS(Task_hours!$H$4:$H$997, Task_hours!$E$4:$E$997, J$2, Task_hours!$G$4:$G$997, $A10) -> 0 | L10: =SUMIFS(Task_hours!$H$4:$H$997, Task_hours!$E$4:$E$997, L$2, Task_hours!$F$4:$F$997, $A10) -> 0 | M10: =SUMIFS(Task_hours!$H$4:$H$997, Task_hours!$E$4:$E$997, L$2, Task_hours!$G$4:$G$997, $A10) -> 0 | N10: =SUMIFS(Task_hours!$H$4:$H$997, Task_hours!$E$4:$E$997, N$2, Task_hours!$F$4:$F$997, $A10) -> 0 | O10: =SUMIFS(Task_hours!$H$4:$H$997, Task_hours!$E$4:$E$997, N$2, Task_hours!$G$4:$G$997, $A10) -> 0 | P10: =SUMIFS(Task_hours!$H$4:$H$997, Task_hours!$E$4:$E$997, P$2, Task_hours!$F$4:$F$997, $A10) -> 2.5 | Q10: =SUMIFS(Task_hours!$H$4:$H$997, Task_hours!$E$4:$E$997, P$2, Task_hours!$G$4:$G$997, $A10) -> 0 | R10: =SUMIFS(Task_hours!$H$4:$H$997, Task_hours!$E$4:$E$997, R$2, Task_hours!$F$4:$F$997, $A10) -> 0 | S10: =SUMIFS(Task_hours!$H$4:$H$997, Task_hours!$E$4:$E$997, R$2, Task_hours!$G$4:$G$997, $A10) -> 0 | T10: =SUMIFS(Task_hours!$H$4:$H$997, Task_hours!$E$4:$E$997, T$2, Task_hours!$F$4:$F$997, $A10) -> 0 | U10: =SUMIFS(Task_hours!$H$4:$H$997, Task_hours!$E$4:$E$997, T$2, Task_hours!$G$4:$G$997, $A10) -> 6 | V10: =SUMIFS(Task_hours!$H$4:$H$997, Task_hours!$E$4:$E$997, V$2, Task_hours!$F$4:$F$997, $A10) -> 0 | W10: =SUMIFS(Task_hours!$H$4:$H$997, Task_hours!$E$4:$E$997, V$2, Task_hours!$G$4:$G$997, $A10) -> 4 | X10: =SUMIFS(Task_hours!$H$4:$H$997, Task_hours!$E$4:$E$997, X$2, Task_hours!$F$4:$F$997, $A10) -> 2.5 | Y10: =SUMIFS(Task_hours!$H$4:$H$997, Task_hours!$E$4:$E$997, X$2, Task_hours!$G$4:$G$997, $A10) -> 0 | Z10: =SUMIFS(Task_hours!$H$4:$H$997, Task_hours!$E$4:$E$997, Z$2, Task_hours!$F$4:$F$997, $A10) -> 1.5 | AA10: =SUMIFS(Task_hours!$H$4:$H$997, Task_hours!$E$4:$E$997, Z$2, Task_hours!$G$4:$G$997, $A10) -> 0 | AB10: =SUMIFS(Task_hours!$H$4:$H$997, Task_hours!$E$4:$E$997, AB$2, Task_hours!$F$4:$F$997, $A10) -> 0 | AC10: =SUMIFS(Task_hours!$H$4:$H$997, Task_hours!$E$4:$E$997, AB$2, Task_hours!$G$4:$G$997, $A10) -> 0 | AD10: =SUMIFS(Task_hours!$H$4:$H$997, Task_hours!$E$4:$E$997, AD$2, Task_hours!$F$4:$F$997, $A10) -> 0 | AE10: =SUMIFS(Task_hours!$H$4:$H$997, Task_hours!$E$4:$E$997, AD$2, Task_hours!$G$4:$G$997, $A10) -> 0 | AF10: =SUMIFS(Task_hours!$H$4:$H$997, Task_hours!$E$4:$E$997, AF$2, Task_hours!$F$4:$F$997, $A10) -> 0 | AG10: =SUMIFS(Task_hours!$H$4:$H$997, Task_hours!$E$4:$E$997, AF$2, Task_hours!$G$4:$G$997, $A10) -> 0 | AH10: =SUMIFS(Task_hours!$H$4:$H$997, Task_hours!$E$4:$E$997, AH$2, Task_hours!$F$4:$F$997, $A10) -> 0 | AI10: =SUMIFS(Task_hours!$H$4:$H$997, Task_hours!$E$4:$E$997, AH$2, Task_hours!$G$4:$G$997, $A10) -> 0 | AJ10: =SUMIFS(Task_hours!$H$4:$H$997, Task_hours!$E$4:$E$997, AJ$2, Task_hours!$F$4:$F$997, $A10) -> 10 | AK10: =SUMIFS(Task_hours!$H$4:$H$997, Task_hours!$E$4:$E$997, AJ$2, Task_hours!$G$4:$G$997, $A10) -> 3 | AL10: =SUMIFS(Task_hours!$H$4:$H$997, Task_hours!$E$4:$E$997, AL$2, Task_hours!$F$4:$F$997, $A10) -> 0 | AM10: =SUMIFS(Task_hours!$H$4:$H$997, Task_hours!$E$4:$E$997, AL$2, Task_hours!$G$4:$G$997, $A10) -> 0 | AN10: =SUMIFS(Task_hours!$H$4:$H$997, Task_hours!$E$4:$E$997, AN$2, Task_hours!$F$4:$F$997, $A10) -> 0 | AO10: =SUMIFS(Task_hours!$H$4:$H$997, Task_hours!$E$4:$E$997, AN$2, Task_hours!$G$4:$G$997, $A10) -> 0 | AP10: =SUMIFS(Task_hours!$H$4:$H$997, Task_hours!$E$4:$E$997, AP$2, Task_hours!$F$4:$F$997, $A10) -> 0 | AQ10: =SUMIFS(Task_hours!$H$4:$H$997, Task_hours!$E$4:$E$997, AP$2, Task_hours!$G$4:$G$997, $A10) -> 0 | AR10: =SUMIFS(Task_hours!$H$4:$H$997, Task_hours!$E$4:$E$997, AR$2, Task_hours!$F$4:$F$997, $A10) -> 0 | AS10: =SUMIFS(Task_hours!$H$4:$H$997, Task_hours!$E$4:$E$997, AR$2, Task_hours!$G$4:$G$997, $A10) -> 0 | AT10: =SUMIFS(Task_hours!$H$4:$H$997, Task_hours!$E$4:$E$997, AT$2, Task_hours!$F$4:$F$997, $A10) -> 0 | AU10: =SUMIFS(Task_hours!$H$4:$H$997, Task_hours!$E$4:$E$997, AT$2, Task_hours!$G$4:$G$997, $A10) -> 0 | AV10: =SUMIFS(Task_hours!$H$4:$H$997, Task_hours!$E$4:$E$997, AV$2, Task_hours!$F$4:$F$997, $A10) -> 0 | AW10: =SUMIFS(Task_hours!$H$4:$H$997, Task_hours!$E$4:$E$997, AV$2, Task_hours!$G$4:$G$997, $A10) -> 0 | AX10: =SUMIFS(Task_hours!$H$4:$H$997, Task_hours!$E$4:$E$997, AX$2, Task_hours!$F$4:$F$997, $A10) -> 0 | AY10: =SUMIFS(Task_hours!$H$4:$H$997, Task_hours!$E$4:$E$997, AX$2, Task_hours!$G$4:$G$997, $A10) -> 0
A11: Elliot | B11: =SUMIFS(Tasks!$H$3:$H1004, Tasks!$F$3:$F1004, $A11, Tasks!$B$3:$B1004, $A$1, Tasks!$K$3:$K1004, "Backlog") -> 0 | C11: =SUMIFS(Tasks!$H$3:$H1004, Tasks!$G$3:$G1004, $A11, Tasks!$B$3:$B1004, $A$1, Tasks!$K$3:$K1004, "Backlog") -> 0 | D11: =SUMIFS(Tasks!$H$3:$H1004, Tasks!$F$3:$F1004, $A11, Tasks!$B$3:$B1004, $A$1, Tasks!$K$3:$K1004, "Progress")-SUMIFS(Tasks!$I$3:$I1004, Tasks!$F$3:$F1004, $A11, Tasks!$B$3:$B1004, $A$1, Tasks!$K$3:$K1004, "Progress") -> 0 | E11: =SUMIFS(Tasks!$H$3:$H1004, Tasks!$G$3:$G1004, $A11, Tasks!$B$3:$B1004, $A$1, Tasks!$K$3:$K1004, "Progress")-SUMIFS(Tasks!$I$3:$I1004, Tasks!$G$3:$G1004, $A11, Tasks!$B$3:$B1004, $A$1, Tasks!$K$3:$K1004, "Progress") -> 0 | F11: =H11+B11 -> 5.5 | G11: =I11+C11 -> 6.5 | H11: =SUM(J11,L11,N11,P11,R11,T11,V11,X11,Z11,AB11,AD11,AF11,AH11,AJ11) -> 5.5 | I11: =SUM(K11,M11,O11,Q11,S11,U11,W11,Y11,AA11,AC11,AE11,AG11,AI11,AK11) -> 6.5 | J11: =SUMIFS(Task_hours!$H$4:$H$997, Task_hours!$E$4:$E$997, J$2, Task_hours!$F$4:$F$997, $A11) -> 0 | K11: =SUMIFS(Task_hours!$H$4:$H$997, Task_hours!$E$4:$E$997, J$2, Task_hours!$G$4:$G$997, $A11) -> 0 | L11: =SUMIFS(Task_hours!$H$4:$H$997, Task_hours!$E$4:$E$997, L$2, Task_hours!$F$4:$F$997, $A11) -> 0 | M11: =SUMIFS(Task_hours!$H$4:$H$997, Task_hours!$E$4:$E$997, L$2, Task_hours!$G$4:$G$997, $A11) -> 0 | N11: =SUMIFS(Task_hours!$H$4:$H$997, Task_hours!$E$4:$E$997, N$2, Task_hours!$F$4:$F$997, $A11) -> 1 | O11: =SUMIFS(Task_hours!$H$4:$H$997, Task_hours!$E$4:$E$997, N$2, Task_hours!$G$4:$G$997, $A11) -> 1 | P11: =SUMIFS(Task_hours!$H$4:$H$997, Task_hours!$E$4:$E$997, P$2, Task_hours!$F$4:$F$997, $A11) -> 1 | Q11: =SUMIFS(Task_hours!$H$4:$H$997, Task_hours!$E$4:$E$997, P$2, Task_hours!$G$4:$G$997, $A11) -> 0 | R11: =SUMIFS(Task_hours!$H$4:$H$997, Task_hours!$E$4:$E$997, R$2, Task_hours!$F$4:$F$997, $A11) -> 0 | S11: =SUMIFS(Task_hours!$H$4:$H$997, Task_hours!$E$4:$E$997, R$2, Task_hours!$G$4:$G$997, $A11) -> 0 | T11: =SUMIFS(Task_hours!$H$4:$H$997, Task_hours!$E$4:$E$997, T$2, Task_hours!$F$4:$F$997, $A11) -> 0 | U11: =SUMIFS(Task_hours!$H$4:$H$997, Task_hours!$E$4:$E$997, T$2, Task_hours!$G$4:$G$997, $A11) -> 3.5 | V11: =SUMIFS(Task_hours!$H$4:$H$997, Task_hours!$E$4:$E$997, V$2, Task_hours!$F$4:$F$997, $A11) -> 0 | W11: =SUMIFS(Task_hours!$H$4:$H$997, Task_hours!$E$4:$E$997, V$2, Task_hours!$G$4:$G$997, $A11) -> 2 | X11: =SUMIFS(Task_hours!$H$4:$H$997, Task_hours!$E$4:$E$997, X$2, Task_hours!$F$4:$F$997, $A11) -> 0 | Y11: =SUMIFS(Task_hours!$H$4:$H$997, Task_hours!$E$4:$E$997, X$2, Task_hours!$G$4:$G$997, $A11) -> 0 | Z11: =SUMIFS(Task_hours!$H$4:$H$997, Task_hours!$E$4:$E$997, Z$2, Task_hours!$F$4:$F$997, $A11) -> 0 | AA11: =SUMIFS(Task_hours!$H$4:$H$997, Task_hours!$E$4:$E$997, Z$2, Task_hours!$G$4:$G$997, $A11) -> 0 | AB11: =SUMIFS(Task_hours!$H$4:$H$997, Task_hours!$E$4:$E$997, AB$2, Task_hours!$F$4:$F$997, $A11) -> 3.5 | AC11: =SUMIFS(Task_hours!$H$4:$H$997, Task_hours!$E$4:$E$997, AB$2, Task_hours!$G$4:$G$997, $A11) -> 0 | AD11: =SUMIFS(Task_hours!$H$4:$H$997, Task_hours!$E$4:$E$997, AD$2, Task_hours!$F$4:$F$997, $A11) -> 0 | AE11: =SUMIFS(Task_hours!$H$4:$H$997, Task_hours!$E$4:$E$997, AD$2, Task_hours!$G$4:$G$997, $A11) -> 0 | AF11: =SUMIFS(Task_hours!$H$4:$H$997, Task_hours!$E$4:$E$997, AF$2, Task_hours!$F$4:$F$997, $A11) -> 0 | AG11: =SUMIFS(Task_hours!$H$4:$H$997, Task_hours!$E$4:$E$997, AF$2, Task_hours!$G$4:$G$997, $A11) -> 0 | AH11: =SUMIFS(Task_hours!$H$4:$H$997, Task_hours!$E$4:$E$997, AH$2, Task_hours!$F$4:$F$997, $A11) -> 0 | AI11: =SUMIFS(Task_hours!$H$4:$H$997, Task_hours!$E$4:$E$997, AH$2, Task_hours!$G$4:$G$997, $A11) -> 0 | AJ11: =SUMIFS(Task_hours!$H$4:$H$997, Task_hours!$E$4:$E$997, AJ$2, Task_hours!$F$4:$F$997, $A11) -> 0 | AK11: =SUMIFS(Task_hours!$H$4:$H$997, Task_hours!$E$4:$E$997, AJ$2, Task_hours!$G$4:$G$997, $A11) -> 0 | AL11: =SUMIFS(Task_hours!$H$4:$H$997, Task_hours!$E$4:$E$997, AL$2, Task_hours!$F$4:$F$997, $A11) -> 0 | AM11: =SUMIFS(Task_hours!$H$4:$H$997, Task_hours!$E$4:$E$997, AL$2, Task_hours!$G$4:$G$997, $A11) -> 0 | AN11: =SUMIFS(Task_hours!$H$4:$H$997, Task_hours!$E$4:$E$997, AN$2, Task_hours!$F$4:$F$997, $A11) -> 0 | AO11: =SUMIFS(Task_hours!$H$4:$H$997, Task_hours!$E$4:$E$997, AN$2, Task_hours!$G$4:$G$997, $A11) -> 0 | AP11: =SUMIFS(Task_hours!$H$4:$H$997, Task_hours!$E$4:$E$997, AP$2, Task_hours!$F$4:$F$997, $A11) -> 0 | AQ11: =SUMIFS(Task_hours!$H$4:$H$997, Task_hours!$E$4:$E$997, AP$2, Task_hours!$G$4:$G$997, $A11) -> 0 | AR11: =SUMIFS(Task_hours!$H$4:$H$997, Task_hours!$E$4:$E$997, AR$2, Task_hours!$F$4:$F$997, $A11) -> 0 | AS11: =SUMIFS(Task_hours!$H$4:$H$997, Task_hours!$E$4:$E$997, AR$2, Task_hours!$G$4:$G$997, $A11) -> 0 | AT11: =SUMIFS(Task_hours!$H$4:$H$997, Task_hours!$E$4:$E$997, AT$2, Task_hours!$F$4:$F$997, $A11) -> 0 | AU11: =SUMIFS(Task_hours!$H$4:$H$997, Task_hours!$E$4:$E$997, AT$2, Task_hours!$G$4:$G$997, $A11) -> 0 | AV11: =SUMIFS(Task_hours!$H$4:$H$997, Task_hours!$E$4:$E$997, AV$2, Task_hours!$F$4:$F$997, $A11) -> 0 | AW11: =SUMIFS(Task_hours!$H$4:$H$997, Task_hours!$E$4:$E$997, AV$2, Task_hours!$G$4:$G$997, $A11) -> 0 | AX11: =SUMIFS(Task_hours!$H$4:$H$997, Task_hours!$E$4:$E$997, AX$2, Task_hours!$F$4:$F$997, $A11) -> 0 | AY11: =SUMIFS(Task_hours!$H$4:$H$997, Task_hours!$E$4:$E$997, AX$2, Task_hours!$G$4:$G$997, $A11) -> 0
A12: Théo | B12: =SUMIFS(Tasks!$H$3:$H1004, Tasks!$F$3:$F1004, $A12, Tasks!$B$3:$B1004, $A$1, Tasks!$K$3:$K1004, "Backlog") -> 0 | C12: =SUMIFS(Tasks!$H$3:$H1004, Tasks!$G$3:$G1004, $A12, Tasks!$B$3:$B1004, $A$1, Tasks!$K$3:$K1004, "Backlog") -> 0 | D12: =SUMIFS(Tasks!$H$3:$H1004, Tasks!$F$3:$F1004, $A12, Tasks!$B$3:$B1004, $A$1, Tasks!$K$3:$K1004, "Progress")-SUMIFS(Tasks!$I$3:$I1004, Tasks!$F$3:$F1004, $A12, Tasks!$B$3:$B1004, $A$1, Tasks!$K$3:$K1004, "Progress") -> 0 | E12: =SUMIFS(Tasks!$H$3:$H1004, Tasks!$G$3:$G1004, $A12, Tasks!$B$3:$B1004, $A$1, Tasks!$K$3:$K1004, "Progress")-SUMIFS(Tasks!$I$3:$I1004, Tasks!$G$3:$G1004, $A12, Tasks!$B$3:$B1004, $A$1, Tasks!$K$3:$K1004, "Progress") -> 0 | F12: =H12+B12 -> 5 | G12: =I12+C12 -> 8.5 | H12: =SUM(J12,L12,N12,P12,R12,T12,V12,X12,Z12,AB12,AD12,AF12,AH12,AJ12) -> 5 | I12: =SUM(K12,M12,O12,Q12,S12,U12,W12,Y12,AA12,AC12,AE12,AG12,AI12,AK12) -> 8.5 | J12: =SUMIFS(Task_hours!$H$4:$H$997, Task_hours!$E$4:$E$997, J$2, Task_hours!$F$4:$F$997, $A12) -> 0 | K12: =SUMIFS(Task_hours!$H$4:$H$997, Task_hours!$E$4:$E$997, J$2, Task_hours!$G$4:$G$997, $A12) -> 0 | L12: =SUMIFS(Task_hours!$H$4:$H$997, Task_hours!$E$4:$E$997, L$2, Task_hours!$F$4:$F$997, $A12) -> 0 | M12: =SUMIFS(Task_hours!$H$4:$H$997, Task_hours!$E$4:$E$997, L$2, Task_hours!$G$4:$G$997, $A12) -> 0 | N12: =SUMIFS(Task_hours!$H$4:$H$997, Task_hours!$E$4:$E$997, N$2, Task_hours!$F$4:$F$997, $A12) -> 0 | O12: =SUMIFS(Task_hours!$H$4:$H$997, Task_hours!$E$4:$E$997, N$2, Task_hours!$G$4:$G$997, $A12) -> 0 | P12: =SUMIFS(Task_hours!$H$4:$H$997, Task_hours!$E$4:$E$997, P$2, Task_hours!$F$4:$F$997, $A12) -> 0.5 | Q12: =SUMIFS(Task_hours!$H$4:$H$997, Task_hours!$E$4:$E$997, P$2, Task_hours!$G$4:$G$997, $A12) -> 0 | R12: =SUMIFS(Task_hours!$H$4:$H$997, Task_hours!$E$4:$E$997, R$2, Task_hours!$F$4:$F$997, $A12) -> 0 | S12: =SUMIFS(Task_hours!$H$4:$H$997, Task_hours!$E$4:$E$997, R$2, Task_hours!$G$4:$G$997, $A12) -> 0 | T12: =SUMIFS(Task_hours!$H$4:$H$997, Task_hours!$E$4:$E$997, T$2, Task_hours!$F$4:$F$997, $A12) -> 0 | U12: =SUMIFS(Task_hours!$H$4:$H$997, Task_hours!$E$4:$E$997, T$2, Task_hours!$G$4:$G$997, $A12) -> 0 | V12: =SUMIFS(Task_hours!$H$4:$H$997, Task_hours!$E$4:$E$997, V$2, Task_hours!$F$4:$F$997, $A12) -> 2.5 | W12: =SUMIFS(Task_hours!$H$4:$H$997, Task_hours!$E$4:$E$997, V$2, Task_hours!$G$4:$G$997, $A12) -> 0 | X12: =SUMIFS(Task_hours!$H$4:$H$997, Task_hours!$E$4:$E$997, X$2, Task_hours!$F$4:$F$997, $A12) -> 0 | Y12: =SUMIFS(Task_hours!$H$4:$H$997, Task_hours!$E$4:$E$997, X$2, Task_hours!$G$4:$G$997, $A12) -> 0 | Z12: =SUMIFS(Task_hours!$H$4:$H$997, Task_hours!$E$4:$E$997, Z$2, Task_hours!$F$4:$F$997, $A12) -> 0 | AA12: =SUMIFS(Task_hours!$H$4:$H$997, Task_hours!$E$4:$E$997, Z$2, Task_hours!$G$4:$G$997, $A12) -> 0 | AB12: =SUMIFS(Task_hours!$H$4:$H$997, Task_hours!$E$4:$E$997, AB$2, Task_hours!$F$4:$F$997, $A12) -> 0 | AC12: =SUMIFS(Task_hours!$H$4:$H$997, Task_hours!$E$4:$E$997, AB$2, Task_hours!$G$4:$G$997, $A12) -> 0 | AD12: =SUMIFS(Task_hours!$H$4:$H$997, Task_hours!$E$4:$E$997, AD$2, Task_hours!$F$4:$F$997, $A12) -> 0 | AE12: =SUMIFS(Task_hours!$H$4:$H$997, Task_hours!$E$4:$E$997, AD$2, Task_hours!$G$4:$G$997, $A12) -> 0 | AF12: =SUMIFS(Task_hours!$H$4:$H$997, Task_hours!$E$4:$E$997, AF$2, Task_hours!$F$4:$F$997, $A12) -> 0 | AG12: =SUMIFS(Task_hours!$H$4:$H$997, Task_hours!$E$4:$E$997, AF$2, Task_hours!$G$4:$G$997, $A12) -> 0 | AH12: =SUMIFS(Task_hours!$H$4:$H$997, Task_hours!$E$4:$E$997, AH$2, Task_hours!$F$4:$F$997, $A12) -> 0 | AI12: =SUMIFS(Task_hours!$H$4:$H$997, Task_hours!$E$4:$E$997, AH$2, Task_hours!$G$4:$G$997, $A12) -> 0 | AJ12: =SUMIFS(Task_hours!$H$4:$H$997, Task_hours!$E$4:$E$997, AJ$2, Task_hours!$F$4:$F$997, $A12) -> 2 | AK12: =SUMIFS(Task_hours!$H$4:$H$997, Task_hours!$E$4:$E$997, AJ$2, Task_hours!$G$4:$G$997, $A12) -> 8.5 | AL12: =SUMIFS(Task_hours!$H$4:$H$997, Task_hours!$E$4:$E$997, AL$2, Task_hours!$F$4:$F$997, $A12) -> 0 | AM12: =SUMIFS(Task_hours!$H$4:$H$997, Task_hours!$E$4:$E$997, AL$2, Task_hours!$G$4:$G$997, $A12) -> 0 | AN12: =SUMIFS(Task_hours!$H$4:$H$997, Task_hours!$E$4:$E$997, AN$2, Task_hours!$F$4:$F$997, $A12) -> 0 | AO12: =SUMIFS(Task_hours!$H$4:$H$997, Task_hours!$E$4:$E$997, AN$2, Task_hours!$G$4:$G$997, $A12) -> 0 | AP12: =SUMIFS(Task_hours!$H$4:$H$997, Task_hours!$E$4:$E$997, AP$2, Task_hours!$F$4:$F$997, $A12) -> 0 | AQ12: =SUMIFS(Task_hours!$H$4:$H$997, Task_hours!$E$4:$E$997, AP$2, Task_hours!$G$4:$G$997, $A12) -> 0 | AR12: =SUMIFS(Task_hours!$H$4:$H$997, Task_hours!$E$4:$E$997, AR$2, Task_hours!$F$4:$F$997, $A12) -> 0 | AS12: =SUMIFS(Task_hours!$H$4:$H$997, Task_hours!$E$4:$E$997, AR$2, Task_hours!$G$4:$G$997, $A12) -> 0 | AT12: =SUMIFS(Task_hours!$H$4:$H$997, Task_hours!$E$4:$E$997, AT$2, Task_hours!$F$4:$F$997, $A12) -> 0 | AU12: =SUMIFS(Task_hours!$H$4:$H$997, Task_hours!$E$4:$E$997, AT$2, Task_hours!$G$4:$G$997, $A12) -> 0 | AV12: =SUMIFS(Task_hours!$H$4:$H$997, Task_hours!$E$4:$E$997, AV$2, Task_hours!$F$4:$F$997, $A12) -> 0 | AW12: =SUMIFS(Task_hours!$H$4:$H$997, Task_hours!$E$4:$E$997, AV$2, Task_hours!$G$4:$G$997, $A12) -> 0 | AX12: =SUMIFS(Task_hours!$H$4:$H$997, Task_hours!$E$4:$E$997, AX$2, Task_hours!$F$4:$F$997, $A12) -> 0 | AY12: =SUMIFS(Task_hours!$H$4:$H$997, Task_hours!$E$4:$E$997, AX$2, Task_hours!$G$4:$G$997, $A12) -> 0
A13: Emile | B13: =SUMIFS(Tasks!$H$3:$H1004, Tasks!$F$3:$F1004, $A13, Tasks!$B$3:$B1004, $A$1, Tasks!$K$3:$K1004, "Backlog") -> 0 | C13: =SUMIFS(Tasks!$H$3:$H1004, Tasks!$G$3:$G1004, $A13, Tasks!$B$3:$B1004, $A$1, Tasks!$K$3:$K1004, "Backlog") -> 0 | D13: =SUMIFS(Tasks!$H$3:$H1004, Tasks!$F$3:$F1004, $A13, Tasks!$B$3:$B1004, $A$1, Tasks!$K$3:$K1004, "Progress")-SUMIFS(Tasks!$I$3:$I1004, Tasks!$F$3:$F1004, $A13, Tasks!$B$3:$B1004, $A$1, Tasks!$K$3:$K1004, "Progress") -> 0 | E13: =SUMIFS(Tasks!$H$3:$H1004, Tasks!$G$3:$G1004, $A13, Tasks!$B$3:$B1004, $A$1, Tasks!$K$3:$K1004, "Progress")-SUMIFS(Tasks!$I$3:$I1004, Tasks!$G$3:$G1004, $A13, Tasks!$B$3:$B1004, $A$1, Tasks!$K$3:$K1004, "Progress") -> 0 | F13: =H13+B13 -> 4.5 | G13: =I13+C13 -> 3 | H13: =SUM(J13,L13,N13,P13,R13,T13,V13,X13,Z13,AB13,AD13,AF13,AH13,AJ13) -> 4.5 | I13: =SUM(K13,M13,O13,Q13,S13,U13,W13,Y13,AA13,AC13,AE13,AG13,AI13,AK13) -> 3 | J13: =SUMIFS(Task_hours!$H$4:$H$997, Task_hours!$E$4:$E$997, J$2, Task_hours!$F$4:$F$997, $A13) -> 0 | K13: =SUMIFS(Task_hours!$H$4:$H$997, Task_hours!$E$4:$E$997, J$2, Task_hours!$G$4:$G$997, $A13) -> 0 | L13: =SUMIFS(Task_hours!$H$4:$H$997, Task_hours!$E$4:$E$997, L$2, Task_hours!$F$4:$F$997, $A13) -> 0 | M13: =SUMIFS(Task_hours!$H$4:$H$997, Task_hours!$E$4:$E$997, L$2, Task_hours!$G$4:$G$997, $A13) -> 0 | N13: =SUMIFS(Task_hours!$H$4:$H$997, Task_hours!$E$4:$E$997, N$2, Task_hours!$F$4:$F$997, $A13) -> 0 | O13: =SUMIFS(Task_hours!$H$4:$H$997, Task_hours!$E$4:$E$997, N$2, Task_hours!$G$4:$G$997, $A13) -> 0 | P13: =SUMIFS(Task_hours!$H$4:$H$997, Task_hours!$E$4:$E$997, P$2, Task_hours!$F$4:$F$997, $A13) -> 0 | Q13: =SUMIFS(Task_hours!$H$4:$H$997, Task_hours!$E$4:$E$997, P$2, Task_hours!$G$4:$G$997, $A13) -> 0 | R13: =SUMIFS(Task_hours!$H$4:$H$997, Task_hours!$E$4:$E$997, R$2, Task_hours!$F$4:$F$997, $A13) -> 0 | S13: =SUMIFS(Task_hours!$H$4:$H$997, Task_hours!$E$4:$E$997, R$2, Task_hours!$G$4:$G$997, $A13) -> 0 | T13: =SUMIFS(Task_hours!$H$4:$H$997, Task_hours!$E$4:$E$997, T$2, Task_hours!$F$4:$F$997, $A13) -> 0 | U13: =SUMIFS(Task_hours!$H$4:$H$997, Task_hours!$E$4:$E$997, T$2, Task_hours!$G$4:$G$997, $A13) -> 2 | V13: =SUMIFS(Task_hours!$H$4:$H$997, Task_hours!$E$4:$E$997, V$2, Task_hours!$F$4:$F$997, $A13) -> 0 | W13: =SUMIFS(Task_hours!$H$4:$H$997, Task_hours!$E$4:$E$997, V$2, Task_hours!$G$4:$G$997, $A13) -> 1 | X13: =SUMIFS(Task_hours!$H$4:$H$997, Task_hours!$E$4:$E$997, X$2, Task_hours!$F$4:$F$997, $A13) -> 0 | Y13: =SUMIFS(Task_hours!$H$4:$H$997, Task_hours!$E$4:$E$997, X$2, Task_hours!$G$4:$G$997, $A13) -> 0 | Z13: =SUMIFS(Task_hours!$H$4:$H$997, Task_hours!$E$4:$E$997, Z$2, Task_hours!$F$4:$F$997, $A13) -> 0 | AA13: =SUMIFS(Task_hours!$H$4:$H$997, Task_hours!$E$4:$E$997, Z$2, Task_hours!$G$4:$G$997, $A13) -> 0 | AB13: =SUMIFS(Task_hours!$H$4:$H$997, Task_hours!$E$4:$E$997, AB$2, Task_hours!$F$4:$F$997, $A13) -> 0 | AC13: =SUMIFS(Task_hours!$H$4:$H$997, Task_hours!$E$4:$E$997, AB$2, Task_hours!$G$4:$G$997, $A13) -> 0 | AD13: =SUMIFS(Task_hours!$H$4:$H$997, Task_hours!$E$4:$E$997, AD$2, Task_hours!$F$4:$F$997, $A13) -> 0 | AE13: =SUMIFS(Task_hours!$H$4:$H$997, Task_hours!$E$4:$E$997, AD$2, Task_hours!$G$4:$G$997, $A13) -> 0 | AF13: =SUMIFS(Task_hours!$H$4:$H$997, Task_hours!$E$4:$E$997, AF$2, Task_hours!$F$4:$F$997, $A13) -> 0 | AG13: =SUMIFS(Task_hours!$H$4:$H$997, Task_hours!$E$4:$E$997, AF$2, Task_hours!$G$4:$G$997, $A13) -> 0 | AH13: =SUMIFS(Task_hours!$H$4:$H$997, Task_hours!$E$4:$E$997, AH$2, Task_hours!$F$4:$F$997, $A13) -> 0 | AI13: =SUMIFS(Task_hours!$H$4:$H$997, Task_hours!$E$4:$E$997, AH$2, Task_hours!$G$4:$G$997, $A13) -> 0 | AJ13: =SUMIFS(Task_hours!$H$4:$H$997, Task_hours!$E$4:$E$997, AJ$2, Task_hours!$F$4:$F$997, $A13) -> 4.5 | AK13: =SUMIFS(Task_hours!$H$4:$H$997, Task_hours!$E$4:$E$997, AJ$2, Task_hours!$G$4:$G$997, $A13) -> 0 | AL13: =SUMIFS(Task_hours!$H$4:$H$997, Task_hours!$E$4:$E$997, AL$2, Task_hours!$F$4:$F$997, $A13) -> 0 | AM13: =SUMIFS(Task_hours!$H$4:$H$997, Task_hours!$E$4:$E$997, AL$2, Task_hours!$G$4:$G$997, $A13) -> 0 | AN13: =SUMIFS(Task_hours!$H$4:$H$997, Task_hours!$E$4:$E$997, AN$2, Task_hours!$F$4:$F$997, $A13) -> 0 | AO13: =SUMIFS(Task_hours!$H$4:$H$997, Task_hours!$E$4:$E$997, AN$2, Task_hours!$G$4:$G$997, $A13) -> 0 | AP13: =SUMIFS(Task_hours!$H$4:$H$997, Task_hours!$E$4:$E$997, AP$2, Task_hours!$F$4:$F$997, $A13) -> 0 | AQ13: =SUMIFS(Task_hours!$H$4:$H$997, Task_hours!$E$4:$E$997, AP$2, Task_hours!$G$4:$G$997, $A13) -> 0 | AR13: =SUMIFS(Task_hours!$H$4:$H$997, Task_hours!$E$4:$E$997, AR$2, Task_hours!$F$4:$F$997, $A13) -> 0 | AS13: =SUMIFS(Task_hours!$H$4:$H$997, Task_hours!$E$4:$E$997, AR$2, Task_hours!$G$4:$G$997, $A13) -> 0 | AT13: =SUMIFS(Task_hours!$H$4:$H$997, Task_hours!$E$4:$E$997, AT$2, Task_hours!$F$4:$F$997, $A13) -> 0 | AU13: =SUMIFS(Task_hours!$H$4:$H$997, Task_hours!$E$4:$E$997, AT$2, Task_hours!$G$4:$G$997, $A13) -> 0 | AV13: =SUMIFS(Task_hours!$H$4:$H$997, Task_hours!$E$4:$E$997, AV$2, Task_hours!$F$4:$F$997, $A13) -> 0 | AW13: =SUMIFS(Task_hours!$H$4:$H$997, Task_hours!$E$4:$E$997, AV$2, Task_hours!$G$4:$G$997, $A13) -> 0 | AX13: =SUMIFS(Task_hours!$H$4:$H$997, Task_hours!$E$4:$E$997, AX$2, Task_hours!$F$4:$F$997, $A13) -> 0 | AY13: =SUMIFS(Task_hours!$H$4:$H$997, Task_hours!$E$4:$E$997, AX$2, Task_hours!$G$4:$G$997, $A13) -> 0
A14: Totals | B14: =SUM(B4:B13) -> 0 | C14: =SUM(C4:C13) -> 0 | D14: =SUM(D4:D13) -> 0 | E14: =SUM(E4:E13) -> 0 | F14: =SUM(F4:F13) -> 91 | G14: =SUM(G4:G13) -> 86 | H14: =SUM(H4:H13) -> 91 | I14: =SUM(I4:I13) -> 86 | ... AY14: =SUM(AY4:AY13) -> 0
A15: 3 | B15: Backlog | D15: Progress | F15: Estimated Total | J15: Iteration 3 (Week 1) | X15: Iteration 3 (Week 2) | AL15: Iteration 3 (Week 3)
B16: Estimate/Iteration | D16: Estimate/Iteration | F16: Estimate/Iteration | H16: Total/Iteration | J16: 45034 | L16: 45035 | N16: 45036 | P16: 45037 | R16: 45038 | T16: 45039 | V16: 45040 | X16: 45041 | Z16: 45042 | AB16: 45043 | AD16: 45044 | AF16: 45045 | AH16: 45046 | AJ16: 45047 | AL16: Iteration 3 has no Week 3
A17: Members | B17: P | C17: COP | D17: P | E17: COP | F17: P | G17: COP | H17: P | I17: COP | J17: P | K17: COP | L17: P | M17: COP | N17: P | O17: COP | P17: P | Q17: COP | R17: P | S17: COP | T17: P | U17: COP | V17: P | W17: COP | X17: P | Y17: COP | Z17: P | AA17: COP | AB17: P | AC17: COP | AD17: P | AE17: COP | AF17: P | AG17: COP | AH17: P | AI17: COP | AJ17: P | AK17: COP
A18: Dave | B18: =SUMIFS(Tasks!$H$3:$H1004, Tasks!$F$3:$F1004, $A18, Tasks!$B$3:$B1004, $A$15, Tasks!$K$3:$K1004, "Backlog") -> 0 | C18: =SUMIFS(Tasks!$H$3:$H1004, Tasks!$G$3:$G1004, $A18, Tasks!$B$3:$B1004, $A$15, Tasks!$K$3:$K1004, "Backlog") -> 0 | D18: =SUMIFS(Tasks!$H$3:$H1004, Tasks!$F$3:$F1004, $A18, Tasks!$B$3:$B1004, $A$15, Tasks!$K$3:$K1004, "Progress")-SUMIFS(Tasks!$I$3:$I1004, Tasks!$F$3:$F1004, $A18, Tasks!$B$3:$B1004, $A$15, Tasks!$K$3:$K1004, "Progress") -> 0 | E18: =SUMIFS(Tasks!$H$3:$H1004, Tasks!$G$3:$G1004, $A18, Tasks!$B$3:$B1004, $A$15, Tasks!$K$3:$K1004, "Progress")-SUMIFS(Tasks!$I$3:$I1004, Tasks!$G$3:$G1004, $A18, Tasks!$B$3:$B1004, $A$15, Tasks!$K$3:$K1004, "Progress") -> 0 | F18: =H18+B18 -> 16 | G18: =I18+C18 -> 12.5 | H18: =SUM(J18,L18,N18,P18,R18,T18,V18,X18,Z18,AB18,AD18,AF18,AH18,AJ18) -> 16 | I18: =SUM(K18,M18,O18,Q18,S18,U18,W18,Y18,AA18,AC18,AE18,AG18,AI18,AK18) -> 12.5 | J18: =SUMIFS(Task_hours!$H$4:$H$997, Task_hours!$E$4:$E$997, J$16, Task_hours!$F$4:$F$997, $A18) -> 0 | K18: =SUMIFS(Task_hours!$H$4:$H$997, Task_hours!$E$4:$E$997, J$16, Task_hours!$G$4:$G$997, $A18) -> 0 | L18: =SUMIFS(Task_hours!$H$4:$H$997, Task_hours!$E$4:$E$997, L$16, Task_hours!$F$4:$F$997, $A18) -> 0 | M18: =SUMIFS(Task_hours!$H$4:$H$997, Task_hours!$E$4:$E$997, L$16, Task_hours!$G$4:$G$997, $A18) -> 0 | N18: =SUMIFS(Task_hours!$H$4:$H$997, Task_hours!$E$4:$E$997, N$16, Task_hours!$F$4:$F$997, $A18) -> 0 | O18: =SUMIFS(Task_hours!$H$4:$H$997, Task_hours!$E$4:$E$997, N$16, Task_hours!$G$4:$G$997, $A18) -> 0 | P18: =SUMIFS(Task_hours!$H$4:$H$997, Task_hours!$E$4:$E$997, P$16, Task_hours!$F$4:$F$997, $A18) -> 3 | Q18: =SUMIFS(Task_hours!$H$4:$H$997, Task_hours!$E$4:$E$997, P$16, Task_hours!$G$4:$G$997, $A18) -> 0 | R18: =SUMIFS(Task_hours!$H$4:$H$997, Task_hours!$E$4:$E$997, R$16, Task_hours!$F$4:$F$997, $A18) -> 0 | S18: =SUMIFS(Task_hours!$H$4:$H$997, Task_hours!$E$4:$E$997, R$16, Task_hours!$G$4:$G$997, $A18) -> 0 | T18: =SUMIFS(Task_hours!$H$4:$H$997, Task_hours!$E$4:$E$997, T$16, Task_hours!$F$4:$F$997, $A18) -> 0 | U18: =SUMIFS(Task_hours!$H$4:$H$997, Task_hours!$E$4:$E$997, T$16, Task_hours!$G$4:$G$997, $A18) -> 2.5 | V18: =SUMIFS(Task_hours!$H$4:$H$997, Task_hours!$E$4:$E$997, V$16, Task_hours!$F$4:$F$997, $A18) -> 1.5 | W18: =SUMIFS(Task_hours!$H$4:$H$997, Task_hours!$E$4:$E$997, V$16, Task_hours!$G$4:$G$997, $A18) -> 0 | X18: =SUMIFS(Task_hours!$H$4:$H$997, Task_hours!$E$4:$E$997, X$16, Task_hours!$F$4:$F$997, $A18) -> 1.5 | Y18: =SUMIFS(Task_hours!$H$4:$H$997, Task_hours!$E$4:$E$997, X$16, Task_hours!$G$4:$G$997, $A18) -> 4 | Z18: =SUMIFS(Task_hours!$H$4:$H$997, Task_hours!$E$4:$E$997, Z$16, Task_hours!$F$4:$F$997, $A18) -> 0 | AA18: =SUMIFS(Task_hours!$H$4:$H$997, Task_hours!$E$4:$E$997, Z$16, Task_hours!$G$4:$G$997, $A18) -> 0 | AB18: =SUMIFS(Task_hours!$H$4:$H$997, Task_hours!$E$4:$E$997, AB$16, Task_hours!$F$4:$F$997, $A18) -> 0 | AC18: =SUMIFS(Task_hours!$H$4:$H$997, Task_hours!$E$4:$E$997, AB$16, Task_hours!$G$4:$G$997, $A18) -> 0 | AD18: =SUMIFS(Task_hours!$H$4:$H$997, Task_hours!$E$4:$E$997, AD$16, Task_hours!$F$4:$F$997, $A18) -> 5 | AE18: =SUMIFS(Task_hours!$H$4:$H$997, Task_hours!$E$4:$E$997, AD$16, Task_hours!$G$4:$G$997, $A18) -> 6 | AF18: =SUMIFS(Task_hours!$H$4:$H$997, Task_hours!$E$4:$E$997, AF$16, Task_hours!$F$4:$F$997, $A18) -> 0 | AG18: =SUMIFS(Task_hours!$H$4:$H$997, Task_hours!$E$4:$E$997, AF$16, Task_hours!$G$4:$G$997, $A18) -> 0 | AH18: =SUMIFS(Task_hours!$H$4:$H$997, Task_hours!$E$4:$E$997, AH$16, Task_hours!$F$4:$F$997, $A18) -> 5 | AI18: =SUMIFS(Task_hours!$H$4:$H$997, Task_hours!$E$4:$E$997, AH$16, Task_hours!$G$4:$G$997, $A18) -> 0 | AJ18: =SUMIFS(Task_hours!$H$4:$H$997, Task_hours!$E$4:$E$997, AJ$16, Task_hours!$F$4:$F$997, $A18) -> 0 | AK18: =SUMIFS(Task_hours!$H$4:$H$997, Task_hours!$E$4:$E$997, AJ$16, Task_hours!$G$4:$G$997, $A18) -> 0 | AL18: =SUMIFS(Task_hours!$H$4:$H$997, Task_hours!$E$4:$E$997, AL$16, Task_hours!$F$4:$F$997, $A18) -> 0 | AM18: =SUMIFS(Task_hours!$H$4:$H$997, Task_hours!$E$4:$E$997, AL$16, Task_hours!$G$4:$G$997, $A18) -> 0 | AN18: =SUMIFS(Task_hours!$H$4:$H$997, Task_hours!$E$4:$E$997, AN$16, Task_hours!$F$4:$F$997, $A18) -> 0 | AO18: =SUMIFS(Task_hours!$H$4:$H$997, Task_hours!$E$4:$E$997, AN$16, Task_hours!$G$4:$G$997, $A18) -> 0 | AP18: =SUMIFS(Task_hours!$H$4:$H$997, Task_hours!$E$4:$E$997, AP$16, Task_hours!$F$4:$F$997, $A18) -> 0 | AQ18: =SUMIFS(Task_hours!$H$4:$H$997, Task_hours!$E$4:$E$997, AP$16, Task_hours!$G$4:$G$997, $A18) -> 0 | AR18: =SUMIFS(Task_hours!$H$4:$H$997, Task_hours!$E$4:$E$997, AR$16, Task_hours!$F$4:$F$997, $A18) -> 0 | AS18: =SUMIFS(Task_hours!$H$4:$H$997, Task_hours!$E$4:$E$997, AR$16, Task_hours!$G$4:$G$997, $A18) -> 0 | AT18: =SUMIFS(Task_hours!$H$4:$H$997, Task_hours!$E$4:$E$997, AT$16, Task_hours!$F$4:$F$997, $A18) -> 0 | AU18: =SUMIFS(Task_hours!$H$4:$H$997, Task_hours!$E$4:$E$997, AT$16, Task_hours!$G$4:$G$997, $A18) -> 0 | AV18: =SUMIFS(Task_hours!$H$4:$H$997, Task_hours!$E$4:$E$997, AV$16, Task_hours!$F$4:$F$997, $A18) -> 0 | AW18: =SUMIFS(Task_hours!$H$4:$H$997, Task_hours!$E$4:$E$997, AV$16, Task_hours!$G$4:$G$997, $A18) -> 0 | AX18: =SUMIFS(Task_hours!$H$4:$H$997, Task_hours!$E$4:$E$997, AX$16, Task_hours!$F$4:$F$997, $A18) -> 0 | AY18: =SUMIFS(Task_hours!$H$4:$H$997, Task_hours!$E$4:$E$997, AX$16, Task_hours!$G$4:$G$997, $A18) -> 0
A19: Anton | B19: =SUMIFS(Tasks!$H$3:$H1004, Tasks!$F$3:$F1004, $A19, Tasks!$B$3:$B1004, $A$15, Tasks!$K$3:$K1004, "Backlog") -> 0 | C19: =SUMIFS(Tasks!$H$3:$H1004, Tasks!$G$3:$G1004, $A19, Tasks!$B$3:$B1004, $A$15, Tasks!$K$3:$K1004, "Backlog") -> 0 | D19: =SUMIFS(Tasks!$H$3:$H1004, Tasks!$F$3:$F1004, $A19, Tasks!$B$3:$B1004, $A$15, Tasks!$K$3:$K1004, "Progress")-SUMIFS(Tasks!$I$3:$I1004, Tasks!$F$3:$F1004, $A19, Tasks!$B$3:$B1004, $A$15, Tasks!$K$3:$K1004, "Progress") -> 0 | E19: =SUMIFS(Tasks!$H$3:$H1004, Tasks!$G$3:$G1004, $A19, Tasks!$B$3:$B1004, $A$15, Tasks!$K$3:$K1004, "Progress")-SUMIFS(Tasks!$I$3:$I1004, Tasks!$G$3:$G1004, $A19, Tasks!$B$3:$B1004, $A$15, Tasks!$K$3:$K1004, "Progress") -> 0 | F19: =H19+B19 -> 14.5 | G19: =I19+C19 -> 14 | H19: =SUM(J19,L19,N19,P19,R19,T19,V19,X19,Z19,AB19,AD19,AF19,AH19,AJ19) -> 14.5 | I19: =SUM(K19,M19,O19,Q19,S19,U19,W19,Y19,AA19,AC19,AE19,AG19,AI19,AK19) -> 14 | J19: =SUMIFS(Task_hours!$H$4:$H$997, Task_hours!$E$4:$E$997, J$16, Task_hours!$F$4:$F$997, $A19) -> 0 | K19: =SUMIFS(Task_hours!$H$4:$H$997, Task_hours!$E$4:$E$997, J$16, Task_hours!$G$4:$G$997, $A19) -> 0 | L19: =SUMIFS(Task_hours!$H$4:$H$997, Task_hours!$E$4:$E$997, L$16, Task_hours!$F$4:$F$997, $A19) -> 0 | M19: =SUMIFS(Task_hours!$H$4:$H$997, Task_hours!$E$4:$E$997, L$16, Task_hours!$G$4:$G$997, $A19) -> 3 | N19: =SUMIFS(Task_hours!$H$4:$H$997, Task_hours!$E$4:$E$997, N$16, Task_hours!$F$4:$F$997, $A19) -> 0 | O19: =SUMIFS(Task_hours!$H$4:$H$997, Task_hours!$E$4:$E$997, N$16, Task_hours!$G$4:$G$997, $A19) -> 0 | P19: =SUMIFS(Task_hours!$H$4:$H$997, Task_hours!$E$4:$E$997, P$16, Task_hours!$F$4:$F$997, $A19) -> 0 | Q19: =SUMIFS(Task_hours!$H$4:$H$997, Task_hours!$E$4:$E$997, P$16, Task_hours!$G$4:$G$997, $A19) -> 3 | R19: =SUMIFS(Task_hours!$H$4:$H$997, Task_hours!$E$4:$E$997, R$16, Task_hours!$F$4:$F$997, $A19) -> 0 | S19: =SUMIFS(Task_hours!$H$4:$H$997, Task_hours!$E$4:$E$997, R$16, Task_hours!$G$4:$G$997, $A19) -> 0 | T19: =SUMIFS(Task_hours!$H$4:$H$997, Task_hours!$E$4:$E$997, T$16, Task_hours!$F$4:$F$997, $A19) -> 0 | U19: =SUMIFS(Task_hours!$H$4:$H$997, Task_hours!$E$4:$E$997, T$16, Task_hours!$G$4:$G$997, $A19) -> 0 | V19: =SUMIFS(Task_hours!$H$4:$H$997, Task_hours!$E$4:$E$997, V$16, Task_hours!$F$4:$F$997, $A19) -> 2.5 | W19: =SUMIFS(Task_hours!$H$4:$H$997, Task_hours!$E$4:$E$997, V$16, Task_hours!$G$4:$G$997, $A19) -> 0 | X19: =SUMIFS(Task_hours!$H$4:$H$997, Task_hours!$E$4:$E$997, X$16, Task_hours!$F$4:$F$997, $A19) -> 2 | Y19: =SUMIFS(Task_hours!$H$4:$H$997, Task_hours!$E$4:$E$997, X$16, Task_hours!$G$4:$G$997, $A19) -> 0 | Z19: =SUMIFS(Task_hours!$H$4:$H$997, Task_hours!$E$4:$E$997, Z$16, Task_hours!$F$4:$F$997, $A19) -> 0 | AA19: =SUMIFS(Task_hours!$H$4:$H$997, Task_hours!$E$4:$E$997, Z$16, Task_hours!$G$4:$G$997, $A19) -> 0 | AB19: =SUMIFS(Task_hours!$H$4:$H$997, Task_hours!$E$4:$E$997, AB$16, Task_hours!$F$4:$F$997, $A19) -> 0 | AC19: =SUMIFS(Task_hours!$H$4:$H$997, Task_hours!$E$4:$E$997, AB$16, Task_hours!$G$4:$G$997, $A19) -> 0 | AD19: =SUMIFS(Task_hours!$H$4:$H$997, Task_hours!$E$4:$E$997, AD$16, Task_hours!$F$4:$F$997, $A19) -> 0 | AE19: =SUMIFS(Task_hours!$H$4:$H$997, Task_hours!$E$4:$E$997, AD$16, Task_hours!$G$4:$G$997, $A19) -> 3 | AF19: =SUMIFS(Task_hours!$H$4:$H$997, Task_hours!$E$4:$E$997, AF$16, Task_hours!$F$4:$F$997, $A19) -> 3 | AG19: =SUMIFS(Task_hours!$H$4:$H$997, Task_hours!$E$4:$E$997, AF$16, Task_hours!$G$4:$G$997, $A19) -> 0 | AH19: =SUMIFS(Task_hours!$H$4:$H$997, Task_hours!$E$4:$E$997, AH$16, Task_hours!$F$4:$F$997, $A19) -> 3 | AI19: =SUMIFS(Task_hours!$H$4:$H$997, Task_hours!$E$4:$E$997, AH$16, Task_hours!$G$4:$G$997, $A19) -> 3 | AJ19: =SUMIFS(Task_hours!$H$4:$H$997, Task_hours!$E$4:$E$997, AJ$16, Task_hours!$F$4:$F$997, $A19) -> 4 | AK19: =SUMIFS(Task_hours!$H$4:$H$997, Task_hours!$E$4:$E$997, AJ$16, Task_hours!$G$4:$G$997, $A19) -> 2 | AL19: =SUMIFS(Task_hours!$H$4:$H$997, Task_hours!$E$4:$E$997, AL$16, Task_hours!$F$4:$F$997, $A19) -> 0 | AM19: =SUMIFS(Task_hours!$H$4:$H$997, Task_hours!$E$4:$E$997, AL$16, Task_hours!$G$4:$G$997, $A19) -> 0 | AN19: =SUMIFS(Task_hours!$H$4:$H$997, Task_hours!$E$4:$E$997, AN$16, Task_hours!$F$4:$F$997, $A19) -> 0 | AO19: =SUMIFS(Task_hours!$H$4:$H$997, Task_hours!$E$4:$E$997, AN$16, Task_hours!$G$4:$G$997, $A19) -> 0 | AP19: =SUMIFS(Task_hours!$H$4:$H$997, Task_hours!$E$4:$E$997, AP$16, Task_hours!$F$4:$F$997, $A19) -> 0 | AQ19: =SUMIFS(Task_hours!$H$4:$H$997, Task_hours!$E$4:$E$997, AP$16, Task_hours!$G$4:$G$997, $A19) -> 0 | AR19: =SUMIFS(Task_hours!$H$4:$H$997, Task_hours!$E$4:$E$997, AR$16, Task_hours!$F$4:$F$997, $A19) -> 0 | AS19: =SUMIFS(Task_hours!$H$4:$H$997, Task_hours!$E$4:$E$997, AR$16, Task_hours!$G$4:$G$997, $A19) -> 0 | AT19: =SUMIFS(Task_hours!$H$4:$H$997, Task_hours!$E$4:$E$997, AT$16, Task_hours!$F$4:$F$997, $A19) -> 0 | AU19: =SUMIFS(Task_hours!$H$4:$H$997, Task_hours!$E$4:$E$997, AT$16, Task_hours!$G$4:$G$997, $A19) -> 0 | AV19: =SUMIFS(Task_hours!$H$4:$H$997, Task_hours!$E$4:$E$997, AV$16, Task_hours!$F$4:$F$997, $A19) -> 0 | AW19: =SUMIFS(Task_hours!$H$4:$H$997, Task_hours!$E$4:$E$997, AV$16, Task_hours!$G$4:$G$997, $A19) -> 0 | AX19: =SUMIFS(Task_hours!$H$4:$H$997, Task_hours!$E$4:$E$997, AX$16, Task_hours!$F$4:$F$997, $A19) -> 0 | AY19: =SUMIFS(Task_hours!$H$4:$H$997, Task_hours!$E$4:$E$997, AX$16, Task_hours!$G$4:$G$997, $A19) -> 0
A20: Ismael | B20: =SUMIFS(Tasks!$H$3:$H1004, Tasks!$F$3:$F1004, $A20, Tasks!$B$3:$B1004, $A$15, Tasks!$K$3:$K1004, "Backlog") -> 0 | C20: =SUMIFS(Tasks!$H$3:$H1004, Tasks!$G$3:$G1004, $A20, Tasks!$B$3:$B1004, $A$15, Tasks!$K$3:$K1004, "Backlog") -> 0 | D20: =SUMIFS(Tasks!$H$3:$H1004, Tasks!$F$3:$F1004, $A20, Tasks!$B$3:$B1004, $A$15, Tasks!$K$3:$K1004, "Progress")-SUMIFS(Tasks!$I$3:$I1004, Tasks!$F$3:$F1004, $A20, Tasks!$B$3:$B1004, $A$15, Tasks!$K$3:$K1004, "Progress") -> 0 | E20: =SUMIFS(Tasks!$H$3:$H1004, Tasks!$G$3:$G1004, $A20, Tasks!$B$3:$B1004, $A$15, Tasks!$K$3:$K1004, "Progress")-SUMIFS(Tasks!$I$3:$I1004, Tasks!$G$3:$G1004, $A20, Tasks!$B$3:$B1004, $A$15, Tasks!$K$3:$K1004, "Progress") -> 0 | F20: =H20+B20 -> 9.5 | G20: =I20+C20 -> 15.5 | H20: =SUM(J20,L20,N20,P20,R20,T20,V20,X20,Z20,AB20,AD20,AF20,AH20,AJ20) -> 9.5 | I20: =SUM(K20,M20,O20,Q20,S20,U20,W20,Y20,AA20,AC20,AE20,AG20,AI20,AK20) -> 15.5 | J20: =SUMIFS(Task_hours!$H$4:$H$997, Task_hours!$E$4:$E$997, J$16, Task_hours!$F$4:$F$997, $A20) -> 0 | K20: =SUMIFS(Task_hours!$H$4:$H$997, Task_hours!$E$4:$E$997, J$16, Task_hours!$G$4:$G$997, $A20) -> 0 | L20: =SUMIFS(Task_hours!$H$4:$H$997, Task_hours!$E$4:$E$997, L$16, Task_hours!$F$4:$F$997, $A20) -> 0 | M20: =SUMIFS(Task_hours!$H$4:$H$997, Task_hours!$E$4:$E$997, L$16, Task_hours!$G$4:$G$997, $A20) -> 0 | N20: =SUMIFS(Task_hours!$H$4:$H$997, Task_hours!$E$4:$E$997, N$16, Task_hours!$F$4:$F$997, $A20) -> 0 | O20: =SUMIFS(Task_hours!$H$4:$H$997, Task_hours!$E$4:$E$997, N$16, Task_hours!$G$4:$G$997, $A20) -> 2 | P20: =SUMIFS(Task_hours!$H$4:$H$997, Task_hours!$E$4:$E$997, P$16, Task_hours!$F$4:$F$997, $A20) -> 0 | Q20: =SUMIFS(Task_hours!$H$4:$H$997, Task_hours!$E$4:$E$997, P$16, Task_hours!$G$4:$G$997, $A20) -> 0 | R20: =SUMIFS(Task_hours!$H$4:$H$997, Task_hours!$E$4:$E$997, R$16, Task_hours!$F$4:$F$997, $A20) -> 0 | S20: =SUMIFS(Task_hours!$H$4:$H$997, Task_hours!$E$4:$E$997, R$16, Task_hours!$G$4:$G$997, $A20) -> 0 | T20: =SUMIFS(Task_hours!$H$4:$H$997, Task_hours!$E$4:$E$997, T$16, Task_hours!$F$4:$F$997, $A20) -> 0 | U20: =SUMIFS(Task_hours!$H$4:$H$997, Task_hours!$E$4:$E$997, T$16, Task_hours!$G$4:$G$997, $A20) -> 0 | V20: =SUMIFS(Task_hours!$H$4:$H$997, Task_hours!$E$4:$E$997, V$16, Task_hours!$F$4:$F$997, $A20) -> 1 | W20: =SUMIFS(Task_hours!$H$4:$H$997, Task_hours!$E$4:$E$997, V$16, Task_hours!$G$4:$G$997, $A20) -> 0.5 | X20: =SUMIFS(Task_hours!$H$4:$H$997, Task_hours!$E$4:$E$997, X$16, Task_hours!$F$4:$F$997, $A20) -> 0.5 | Y20: =SUMIFS(Task_hours!$H$4:$H$997, Task_hours!$E$4:$E$997, X$16, Task_hours!$G$4:$G$997, $A20) -> 1.5 | Z20: =SUMIFS(Task_hours!$H$4:$H$997, Task_hours!$E$4:$E$997, Z$16, Task_hours!$F$4:$F$997, $A20) -> 2 | AA20: =SUMIFS(Task_hours!$H$4:$H$997, Task_hours!$E$4:$E$997, Z$16, Task_hours!$G$4:$G$997, $A20) -> 3 | AB20: =SUMIFS(Task_hours!$H$4:$H$997, Task_hours!$E$4:$E$997, AB$16, Task_hours!$F$4:$F$997, $A20) -> 0 | AC20: =SUMIFS(Task_hours!$H$4:$H$997, Task_hours!$E$4:$E$997, AB$16, Task_hours!$G$4:$G$997, $A20) -> 5 | AD20: =SUMIFS(Task_hours!$H$4:$H$997, Task_hours!$E$4:$E$997, AD$16, Task_hours!$F$4:$F$997, $A20) -> 6 | AE20: =SUMIFS(Task_hours!$H$4:$H$997, Task_hours!$E$4:$E$997, AD$16, Task_hours!$G$4:$G$997, $A20) -> 0 | AF20: =SUMIFS(Task_hours!$H$4:$H$997, Task_hours!$E$4:$E$997, AF$16, Task_hours!$F$4:$F$997, $A20) -> 0 | AG20: =SUMIFS(Task_hours!$H$4:$H$997, Task_hours!$E$4:$E$997, AF$16, Task_hours!$G$4:$G$997, $A20) -> 1 | AH20: =SUMIFS(Task_hours!$H$4:$H$997, Task_hours!$E$4:$E$997, AH$16, Task_hours!$F$4:$F$997, $A20) -> 0 | AI20: =SUMIFS(Task_hours!$H$4:$H$997, Task_hours!$E$4:$E$997, AH$16, Task_hours!$G$4:$G$997, $A20) -> 0 | AJ20: =SUMIFS(Task_hours!$H$4:$H$997, Task_hours!$E$4:$E$997, AJ$16, Task_hours!$F$4:$F$997, $A20) -> 0 | AK20: =SUMIFS(Task_hours!$H$4:$H$997, Task_hours!$E$4:$E$997, AJ$16, Task_hours!$G$4:$G$997, $A20) -> 2.5 | AL20: =SUMIFS(Task_hours!$H$4:$H$997, Task_hours!$E$4:$E$997, AL$16, Task_hours!$F$4:$F$997, $A20) -> 0 | AM20: =SUMIFS(Task_hours!$H$4:$H$997, Task_hours!$E$4:$E$997, AL$16, Task_hours!$G$4:$G$997, $A20) -> 0 | AN20: =SUMIFS(Task_hours!$H$4:$H$997, Task_hours!$E$4:$E$997, AN$16, Task_hours!$F$4:$F$997, $A20) -> 0 | AO20: =SUMIFS(Task_hours!$H$4:$H$997, Task_hours!$E$4:$E$997, AN$16, Task_hours!$G$4:$G$997, $A20) -> 0 | AP20: =SUMIFS(Task_hours!$H$4:$H$997, Task_hours!$E$4:$E$997, AP$16, Task_hours!$F$4:$F$997, $A20) -> 0 | AQ20: =SUMIFS(Task_hours!$H$4:$H$997, Task_hours!$E$4:$E$997, AP$16, Task_hours!$G$4:$G$997, $A20) -> 0 | AR20: =SUMIFS(Task_hours!$H$4:$H$997, Task_hours!$E$4:$E$997, AR$16, Task_hours!$F$4:$F$997, $A20) -> 0 | AS20: =SUMIFS(Task_hours!$H$4:$H$997, Task_hours!$E$4:$E$997, AR$16, Task_hours!$G$4:$G$997, $A20) -> 0 | AT20: =SUMIFS(Task_hours!$H$4:$H$997, Task_hours!$E$4:$E$997, AT$16, Task_hours!$F$4:$F$997, $A20) -> 0 | AU20: =SUMIFS(Task_hours!$H$4:$H$997, Task_hours!$E$4:$E$997, AT$16, Task_hours!$G$4:$G$997, $A20) -> 0 | AV20: =SUMIFS(Task_hours!$H$4:$H$997, Task_hours!$E$4:$E$997, AV$16, Task_hours!$F$4:$F$997, $A20) -> 0 | AW20: =SUMIFS(Task_hours!$H$4:$H$997, Task_hours!$E$4:$E$997, AV$16, Task_hours!$G$4:$G$997, $A20) -> 0 | AX20: =SUMIFS(Task_hours!$H$4:$H$997, Task_hours!$E$4:$E$997, AX$16, Task_hours!$F$4:$F$997, $A20) -> 0 | AY20: =SUMIFS(Task_hours!$H$4:$H$997, Task_hours!$E$4:$E$997, AX$16, Task_hours!$G$4:$G$997, $A20) -> 0
A21: Luca | B21: =SUMIFS(Tasks!$H$3:$H1004, Tasks!$F$3:$F1004, $A21, Tasks!$B$3:$B1004, $A$15, Tasks!$K$3:$K1004, "Backlog") -> 0 | C21: =SUMIFS(Tasks!$H$3:$H1004, Tasks!$G$3:$G1004, $A21, Tasks!$B$3:$B1004, $A$15, Tasks!$K$3:$K1004, "Backlog") -> 0 | D21: =SUMIFS(Tasks!$H$3:$H1004, Tasks!$F$3:$F1004, $A21, Tasks!$B$3:$B1004, $A$15, Tasks!$K$3:$K1004, "Progress")-SUMIFS(Tasks!$I$3:$I1004, Tasks!$F$3:$F1004, $A21, Tasks!$B$3:$B1004, $A$15, Tasks!$K$3:$K1004, "Progress") -> 0 | E21: =SUMIFS(Tasks!$H$3:$H1004, Tasks!$G$3:$G1004, $A21, Tasks!$B$3:$B1004, $A$15, Tasks!$K$3:$K1004, "Progress")-SUMIFS(Tasks!$I$3:$I1004, Tasks!$G$3:$G1004, $A21, Tasks!$B$3:$B1004, $A$15, Tasks!$K$3:$K1004, "Progress") -> 0 | F21: =H21+B21 -> 13.5 | G21: =I21+C21 -> 5.5 | H21: =SUM(J21,L21,N21,P21,R21,T21,V21,X21,Z21,AB21,AD21,AF21,AH21,AJ21) -> 13.5 | I21: =SUM(K21,M21,O21,Q21,S21,U21,W21,Y21,AA21,AC21,AE21,AG21,AI21,AK21) -> 5.5 | J21: =SUMIFS(Task_hours!$H$4:$H$997, Task_hours!$E$4:$E$997, J$16, Task_hours!$F$4:$F$997, $A21) -> 3 | K21: =SUMIFS(Task_hours!$H$4:$H$997, Task_hours!$E$4:$E$997, J$16, Task_hours!$G$4:$G$997, $A21) -> 0 | L21: =SUMIFS(Task_hours!$H$4:$H$997, Task_hours!$E$4:$E$997, L$16, Task_hours!$F$4:$F$997, $A21) -> 1 | M21: =SUMIFS(Task_hours!$H$4:$H$997, Task_hours!$E$4:$E$997, L$16, Task_hours!$G$4:$G$997, $A21) -> 0 | N21: =SUMIFS(Task_hours!$H$4:$H$997, Task_hours!$E$4:$E$997, N$16, Task_hours!$F$4:$F$997, $A21) -> 2 | O21: =SUMIFS(Task_hours!$H$4:$H$997, Task_hours!$E$4:$E$997, N$16, Task_hours!$G$4:$G$997, $A21) -> 0 | P21: =SUMIFS(Task_hours!$H$4:$H$997, Task_hours!$E$4:$E$997, P$16, Task_hours!$F$4:$F$997, $A21) -> 0 | Q21: =SUMIFS(Task_hours!$H$4:$H$997, Task_hours!$E$4:$E$997, P$16, Task_hours!$G$4:$G$997, $A21) -> 0 | R21: =SUMIFS(Task_hours!$H$4:$H$997, Task_hours!$E$4:$E$997, R$16, Task_hours!$F$4:$F$997, $A21) -> 0 | S21: =SUMIFS(Task_hours!$H$4:$H$997, Task_hours!$E$4:$E$997, R$16, Task_hours!$G$4:$G$997, $A21) -> 1 | T21: =SUMIFS(Task_hours!$H$4:$H$997, Task_hours!$E$4:$E$997, T$16, Task_hours!$F$4:$F$997, $A21) -> 0 | U21: =SUMIFS(Task_hours!$H$4:$H$997, Task_hours!$E$4:$E$997, T$16, Task_hours!$G$4:$G$997, $A21) -> 0 | V21: =SUMIFS(Task_hours!$H$4:$H$997, Task_hours!$E$4:$E$997, V$16, Task_hours!$F$4:$F$997, $A21) -> 0.5 | W21: =SUMIFS(Task_hours!$H$4:$H$997, Task_hours!$E$4:$E$997, V$16, Task_hours!$G$4:$G$997, $A21) -> 0 | X21: =SUMIFS(Task_hours!$H$4:$H$997, Task_hours!$E$4:$E$997, X$16, Task_hours!$F$4:$F$997, $A21) -> 0 | Y21: =SUMIFS(Task_hours!$H$4:$H$997, Task_hours!$E$4:$E$997, X$16, Task_hours!$G$4:$G$997, $A21) -> 0 | Z21: =SUMIFS(Task_hours!$H$4:$H$997, Task_hours!$E$4:$E$997, Z$16, Task_hours!$F$4:$F$997, $A21) -> 2 | AA21: =SUMIFS(Task_hours!$H$4:$H$997, Task_hours!$E$4:$E$997, Z$16, Task_hours!$G$4:$G$997, $A21) -> 0 | AB21: =SUMIFS(Task_hours!$H$4:$H$997, Task_hours!$E$4:$E$997, AB$16, Task_hours!$F$4:$F$997, $A21) -> 1 | AC21: =SUMIFS(Task_hours!$H$4:$H$997, Task_hours!$E$4:$E$997, AB$16, Task_hours!$G$4:$G$997, $A21) -> 3 | AD21: =SUMIFS(Task_hours!$H$4:$H$997, Task_hours!$E$4:$E$997, AD$16, Task_hours!$F$4:$F$997, $A21) -> 0 | AE21: =SUMIFS(Task_hours!$H$4:$H$997, Task_hours!$E$4:$E$997, AD$16, Task_hours!$G$4:$G$997, $A21) -> 0 | AF21: =SUMIFS(Task_hours!$H$4:$H$997, Task_hours!$E$4:$E$997, AF$16, Task_hours!$F$4:$F$997, $A21) -> 0 | AG21: =SUMIFS(Task_hours!$H$4:$H$997, Task_hours!$E$4:$E$997, AF$16, Task_hours!$G$4:$G$997, $A21) -> 1.5 | AH21: =SUMIFS(Task_hours!$H$4:$H$997, Task_hours!$E$4:$E$997, AH$16, Task_hours!$F$4:$F$997, $A21) -> 1 | AI21: =SUMIFS(Task_hours!$H$4:$H$997, Task_hours!$E$4:$E$997, AH$16, Task_hours!$G$4:$G$997, $A21) -> 0 | AJ21: =SUMIFS(Task_hours!$H$4:$H$997, Task_hours!$E$4:$E$997, AJ$16, Task_hours!$F$4:$F$997, $A21) -> 3 | AK21: =SUMIFS(Task_hours!$H$4:$H$997, Task_hours!$E$4:$E$997, AJ$16, Task_hours!$G$4:$G$997, $A21) -> 0 | AL21: =SUMIFS(Task_hours!$H$4:$H$997, Task_hours!$E$4:$E$997, AL$16, Task_hours!$F$4:$F$997, $A21) -> 0 | AM21: =SUMIFS(Task_hours!$H$4:$H$997, Task_hours!$E$4:$E$997, AL$16, Task_hours!$G$4:$G$997, $A21) -> 0 | AN21: =SUMIFS(Task_hours!$H$4:$H$997, Task_hours!$E$4:$E$997, AN$16, Task_hours!$F$4:$F$997, $A21) -> 0 | AO21: =SUMIFS(Task_hours!$H$4:$H$997, Task_hours!$E$4:$E$997, AN$16, Task_hours!$G$4:$G$997, $A21) -> 0 | AP21: =SUMIFS(Task_hours!$H$4:$H$997, Task_hours!$E$4:$E$997, AP$16, Task_hours!$F$4:$F$997, $A21) -> 0 | AQ21: =SUMIFS(Task_hours!$H$4:$H$997, Task_hours!$E$4:$E$997, AP$16, Task_hours!$G$4:$G$997, $A21) -> 0 | AR21: =SUMIFS(Task_hours!$H$4:$H$997, Task_hours!$E$4:$E$997, AR$16, Task_hours!$F$4:$F$997, $A21) -> 0 | AS21: =SUMIFS(Task_hours!$H$4:$H$997, Task_hours!$E$4:$E$997, AR$16, Task_hours!$G$4:$G$997, $A21) -> 0 | AT21: =SUMIFS(Task_hours!$H$4:$H$997, Task_hours!$E$4:$E$997, AT$16, Task_hours!$F$4:$F$997, $A21) -> 0 | AU21: =SUMIFS(Task_hours!$H$4:$H$997, Task_hours!$E$4:$E$997, AT$16, Task_hours!$G$4:$G$997, $A21) -> 0 | AV21: =SUMIFS(Task_hours!$H$4:$H$997, Task_hours!$E$4:$E$997, AV$16, Task_hours!$F$4:$F$997, $A21) -> 0 | AW21: =SUMIFS(Task_hours!$H$4:$H$997, Task_hours!$E$4:$E$997, AV$16, Task_hours!$G$4:$G$997, $A21) -> 0 | AX21: =SUMIFS(Task_hours!$H$4:$H$997, Task_hours!$E$4:$E$997, AX$16, Task_hours!$F$4:$F$997, $A21) -> 0 | AY21: =SUMIFS(Task_hours!$H$4:$H$997, Task_hours!$E$4:$E$997, AX$16, Task_hours!$G$4:$G$997, $A21) -> 0
A22: Antoine | B22: =SUMIFS(Tasks!$H$3:$H1004, Tasks!$F$3:$F1004, $A22, Tasks!$B$3:$B1004, $A$15, Tasks!$K$3:$K1004, "Backlog") -> 0 | C22: =SUMIFS(Tasks!$H$3:$H1004, Tasks!$G$3:$G1004, $A22, Tasks!$B$3:$B1004, $A$15, Tasks!$K$3:$K1004, "Backlog") -> 0 | D22: =SUMIFS(Tasks!$H$3:$H1004, Tasks!$F$3:$F1004, $A22, Tasks!$B$3:$B1004, $A$15, Tasks!$K$3:$K1004, "Progress")-SUMIFS(Tasks!$I$3:$I1004, Tasks!$F$3:$F1004, $A22, Tasks!$B$3:$B1004, $A$15, Tasks!$K$3:$K1004, "Progress") -> 0 | E22: =SUMIFS(Tasks!$H$3:$H1004, Tasks!$G$3:$G1004, $A22, Tasks!$B$3:$B1004, $A$15, Tasks!$K$3:$K1004, "Progress")-SUMIFS(Tasks!$I$3:$I1004, Tasks!$G$3:$G1004, $A22, Tasks!$B$3:$B1004, $A$15, Tasks!$K$3:$K1004, "Progress") -> 0 | F22: =H22+B22 -> 7 | G22: =I22+C22 -> 4.5 | H22: =SUM(J22,L22,N22,P22,R22,T22,V22,X22,Z22,AB22,AD22,AF22,AH22,AJ22) -> 7 | I22: =SUM(K22,M22,O22,Q22,S22,U22,W22,Y22,AA22,AC22,AE22,AG22,AI22,AK22) -> 4.5 | J22: =SUMIFS(Task_hours!$H$4:$H$997, Task_hours!$E$4:$E$997, J$16, Task_hours!$F$4:$F$997, $A22) -> 1.5 | K22: =SUMIFS(Task_hours!$H$4:$H$997, Task_hours!$E$4:$E$997, J$16, Task_hours!$G$4:$G$997, $A22) -> 0 | L22: =SUMIFS(Task_hours!$H$4:$H$997, Task_hours!$E$4:$E$997, L$16, Task_hours!$F$4:$F$997, $A22) -> 0 | M22: =SUMIFS(Task_hours!$H$4:$H$997, Task_hours!$E$4:$E$997, L$16, Task_hours!$G$4:$G$997, $A22) -> 0 | N22: =SUMIFS(Task_hours!$H$4:$H$997, Task_hours!$E$4:$E$997, N$16, Task_hours!$F$4:$F$997, $A22) -> 0 | O22: =SUMIFS(Task_hours!$H$4:$H$997, Task_hours!$E$4:$E$997, N$16, Task_hours!$G$4:$G$997, $A22) -> 0 | P22: =SUMIFS(Task_hours!$H$4:$H$997, Task_hours!$E$4:$E$997, P$16, Task_hours!$F$4:$F$997, $A22) -> 0 | Q22: =SUMIFS(Task_hours!$H$4:$H$997, Task_hours!$E$4:$E$997, P$16, Task_hours!$G$4:$G$997, $A22) -> 0 | R22: =SUMIFS(Task_hours!$H$4:$H$997, Task_hours!$E$4:$E$997, R$16, Task_hours!$F$4:$F$997, $A22) -> 1 | S22: =SUMIFS(Task_hours!$H$4:$H$997, Task_hours!$E$4:$E$997, R$16, Task_hours!$G$4:$G$997, $A22) -> 0 | T22: =SUMIFS(Task_hours!$H$4:$H$997, Task_hours!$E$4:$E$997, T$16, Task_hours!$F$4:$F$997, $A22) -> 2.5 | U22: =SUMIFS(Task_hours!$H$4:$H$997, Task_hours!$E$4:$E$997, T$16, Task_hours!$G$4:$G$997, $A22) -> 0 | V22: =SUMIFS(Task_hours!$H$4:$H$997, Task_hours!$E$4:$E$997, V$16, Task_hours!$F$4:$F$997, $A22) -> 0 | W22: =SUMIFS(Task_hours!$H$4:$H$997, Task_hours!$E$4:$E$997, V$16, Task_hours!$G$4:$G$997, $A22) -> 1.5 | X22: =SUMIFS(Task_hours!$H$4:$H$997, Task_hours!$E$4:$E$997, X$16, Task_hours!$F$4:$F$997, $A22) -> 0 | Y22: =SUMIFS(Task_hours!$H$4:$H$997, Task_hours!$E$4:$E$997, X$16, Task_hours!$G$4:$G$997, $A22) -> 0 | Z22: =SUMIFS(Task_hours!$H$4:$H$997, Task_hours!$E$4:$E$997, Z$16, Task_hours!$F$4:$F$997, $A22) -> 0 | AA22: =SUMIFS(Task_hours!$H$4:$H$997, Task_hours!$E$4:$E$997, Z$16, Task_hours!$G$4:$G$997, $A22) -> 0 | AB22: =SUMIFS(Task_hours!$H$4:$H$997, Task_hours!$E$4:$E$997, AB$16, Task_hours!$F$4:$F$997, $A22) -> 0 | AC22: =SUMIFS(Task_hours!$H$4:$H$997, Task_hours!$E$4:$E$997, AB$16, Task_hours!$G$4:$G$997, $A22) -> 0 | AD22: =SUMIFS(Task_hours!$H$4:$H$997, Task_hours!$E$4:$E$997, AD$16, Task_hours!$F$4:$F$997, $A22) -> 0 | AE22: =SUMIFS(Task_hours!$H$4:$H$997, Task_hours!$E$4:$E$997, AD$16, Task_hours!$G$4:$G$997, $A22) -> 3 | AF22: =SUMIFS(Task_hours!$H$4:$H$997, Task_hours!$E$4:$E$997, AF$16, Task_hours!$F$4:$F$997, $A22) -> 0 | AG22: =SUMIFS(Task_hours!$H$4:$H$997, Task_hours!$E$4:$E$997, AF$16, Task_hours!$G$4:$G$997, $A22) -> 0 | AH22: =SUMIFS(Task_hours!$H$4:$H$997, Task_hours!$E$4:$E$997, AH$16, Task_hours!$F$4:$F$997, $A22) -> 0 | AI22: =SUMIFS(Task_hours!$H$4:$H$997, Task_hours!$E$4:$E$997, AH$16, Task_hours!$G$4:$G$997, $A22) -> 0 | AJ22: =SUMIFS(Task_hours!$H$4:$H$997, Task_hours!$E$4:$E$997, AJ$16, Task_hours!$F$4:$F$997, $A22) -> 2 | AK22: =SUMIFS(Task_hours!$H$4:$H$997, Task_hours!$E$4:$E$997, AJ$16, Task_hours!$G$4:$G$997, $A22) -> 0 | AL22: =SUMIFS(Task_hours!$H$4:$H$997, Task_hours!$E$4:$E$997, AL$16, Task_hours!$F$4:$F$997, $A22) -> 0 | AM22: =SUMIFS(Task_hours!$H$4:$H$997, Task_hours!$E$4:$E$997, AL$16, Task_hours!$G$4:$G$997, $A22) -> 0 | AN22: =SUMIFS(Task_hours!$H$4:$H$997, Task_hours!$E$4:$E$997, AN$16, Task_hours!$F$4:$F$997, $A22) -> 0 | AO22: =SUMIFS(Task_hours!$H$4:$H$997, Task_hours!$E$4:$E$997, AN$16, Task_hours!$G$4:$G$997, $A22) -> 0 | AP22: =SUMIFS(Task_hours!$H$4:$H$997, Task_hours!$E$4:$E$997, AP$16, Task_hours!$F$4:$F$997, $A22) -> 0 | AQ22: =SUMIFS(Task_hours!$H$4:$H$997, Task_hours!$E$4:$E$997, AP$16, Task_hours!$G$4:$G$997, $A22) -> 0 | AR22: =SUMIFS(Task_hours!$H$4:$H$997, Task_hours!$E$4:$E$997, AR$16, Task_hours!$F$4:$F$997, $A22) -> 0 | AS22: =SUMIFS(Task_hours!$H$4:$H$997, Task_hours!$E$4:$E$997, AR$16, Task_hours!$G$4:$G$997, $A22) -> 0 | AT22: =SUMIFS(Task_hours!$H$4:$H$997, Task_hours!$E$4:$E$997, AT$16, Task_hours!$F$4:$F$997, $A22) -> 0 | AU22: =SUMIFS(Task_hours!$H$4:$H$997, Task_hours!$E$4:$E$997, AT$16, Task_hours!$G$4:$G$997, $A22) -> 0 | AV22: =SUMIFS(Task_hours!$H$4:$H$997, Task_hours!$E$4:$E$997, AV$16, Task_hours!$F$4:$F$997, $A22) -> 0 | AW22: =SUMIFS(Task_hours!$H$4:$H$997, Task_hours!$E$4:$E$997, AV$16, Task_hours!$G$4:$G$997, $A22) -> 0 | AX22: =SUMIFS(Task_hours!$H$4:$H$997, Task_hours!$E$4:$E$997, AX$16, Task_hours!$F$4:$F$997, $A22) -> 0 | AY22: =SUMIFS(Task_hours!$H$4:$H$997, Task_hours!$E$4:$E$997, AX$16, Task_hours!$G$4:$G$997, $A22) -> 0
A23: Ben David | B23: =SUMIFS(Tasks!$H$3:$H1004, Tasks!$F$3:$F1004, $A23, Tasks!$B$3:$B1004, $A$15, Tasks!$K$3:$K1004, "Backlog") -> 0 | C23: =SUMIFS(Tasks!$H$3:$H1004, Tasks!$G$3:$G1004, $A23, Tasks!$B$3:$B1004, $A$15, Tasks!$K$3:$K1004, "Backlog") -> 0 | D23: =SUMIFS(Tasks!$H$3:$H1004, Tasks!$F$3:$F1004, $A23, Tasks!$B$3:$B1004, $A$15, Tasks!$K$3:$K1004, "Progress")-SUMIFS(Tasks!$I$3:$I1004, Tasks!$F$3:$F1004, $A23, Tasks!$B$3:$B1004, $A$15, Tasks!$K$3:$K1004, "Progress") -> 0 | E23: =SUMIFS(Tasks!$H$3:$H1004, Tasks!$G$3:$G1004, $A23, Tasks!$B$3:$B1004, $A$15, Tasks!$K$3:$K1004, "Progress")-SUMIFS(Tasks!$I$3:$I1004, Tasks!$G$3:$G1004, $A23, Tasks!$B$3:$B1004, $A$15, Tasks!$K$3:$K1004, "Progress") -> 0 | F23: =H23+B23 -> 11.5 | G23: =I23+C23 -> 8.5 | H23: =SUM(J23,L23,N23,P23,R23,T23,V23,X23,Z23,AB23,AD23,AF23,AH23,AJ23) -> 11.5 | I23: =SUM(K23,M23,O23,Q23,S23,U23,W23,Y23,AA23,AC23,AE23,AG23,AI23,AK23) -> 8.5 | J23: =SUMIFS(Task_hours!$H$4:$H$997, Task_hours!$E$4:$E$997, J$16, Task_hours!$F$4:$F$997, $A23) -> 0 | K23: =SUMIFS(Task_hours!$H$4:$H$997, Task_hours!$E$4:$E$997, J$16, Task_hours!$G$4:$G$997, $A23) -> 0 | L23: =SUMIFS(Task_hours!$H$4:$H$997, Task_hours!$E$4:$E$997, L$16, Task_hours!$F$4:$F$997, $A23) -> 0 | M23: =SUMIFS(Task_hours!$H$4:$H$997, Task_hours!$E$4:$E$997, L$16, Task_hours!$G$4:$G$997, $A23) -> 0 | N23: =SUMIFS(Task_hours!$H$4:$H$997, Task_hours!$E$4:$E$997, N$16, Task_hours!$F$4:$F$997, $A23) -> 0 | O23: =SUMIFS(Task_hours!$H$4:$H$997, Task_hours!$E$4:$E$997, N$16, Task_hours!$G$4:$G$997, $A23) -> 0 | P23: =SUMIFS(Task_hours!$H$4:$H$997, Task_hours!$E$4:$E$997, P$16, Task_hours!$F$4:$F$997, $A23) -> 0 | Q23: =SUMIFS(Task_hours!$H$4:$H$997, Task_hours!$E$4:$E$997, P$16, Task_hours!$G$4:$G$997, $A23) -> 0 | R23: =SUMIFS(Task_hours!$H$4:$H$997, Task_hours!$E$4:$E$997, R$16, Task_hours!$F$4:$F$997, $A23) -> 0 | S23: =SUMIFS(Task_hours!$H$4:$H$997, Task_hours!$E$4:$E$997, R$16, Task_hours!$G$4:$G$997, $A23) -> 0 | T23: =SUMIFS(Task_hours!$H$4:$H$997, Task_hours!$E$4:$E$997, T$16, Task_hours!$F$4:$F$997, $A23) -> 0 | U23: =SUMIFS(Task_hours!$H$4:$H$997, Task_hours!$E$4:$E$997, T$16, Task_hours!$G$4:$G$997, $A23) -> 0 | V23: =SUMIFS(Task_hours!$H$4:$H$997, Task_hours!$E$4:$E$997, V$16, Task_hours!$F$4:$F$997, $A23) -> 0 | W23: =SUMIFS(Task_hours!$H$4:$H$997, Task_hours!$E$4:$E$997, V$16, Task_hours!$G$4:$G$997, $A23) -> 0 | X23: =SUMIFS(Task_hours!$H$4:$H$997, Task_hours!$E$4:$E$997, X$16, Task_hours!$F$4:$F$997, $A23) -> 2 | Y23: =SUMIFS(Task_hours!$H$4:$H$997, Task_hours!$E$4:$E$997, X$16, Task_hours!$G$4:$G$997, $A23) -> 0 | Z23: =SUMIFS(Task_hours!$H$4:$H$997, Task_hours!$E$4:$E$997, Z$16, Task_hours!$F$4:$F$997, $A23) -> 0 | AA23: =SUMIFS(Task_hours!$H$4:$H$997, Task_hours!$E$4:$E$997, Z$16, Task_hours!$G$4:$G$997, $A23) -> 0 | AB23: =SUMIFS(Task_hours!$H$4:$H$997, Task_hours!$E$4:$E$997, AB$16, Task_hours!$F$4:$F$997, $A23) -> 8 | AC23: =SUMIFS(Task_hours!$H$4:$H$997, Task_hours!$E$4:$E$997, AB$16, Task_hours!$G$4:$G$997, $A23) -> 0 | AD23: =SUMIFS(Task_hours!$H$4:$H$997, Task_hours!$E$4:$E$997, AD$16, Task_hours!$F$4:$F$997, $A23) -> 0 | AE23: =SUMIFS(Task_hours!$H$4:$H$997, Task_hours!$E$4:$E$997, AD$16, Task_hours!$G$4:$G$997, $A23) -> 5.5 | AF23: =SUMIFS(Task_hours!$H$4:$H$997, Task_hours!$E$4:$E$997, AF$16, Task_hours!$F$4:$F$997, $A23) -> 1.5 | AG23: =SUMIFS(Task_hours!$H$4:$H$997, Task_hours!$E$4:$E$997, AF$16, Task_hours!$G$4:$G$997, $A23) -> 0 | AH23: =SUMIFS(Task_hours!$H$4:$H$997, Task_hours!$E$4:$E$997, AH$16, Task_hours!$F$4:$F$997, $A23) -> 0 | AI23: =SUMIFS(Task_hours!$H$4:$H$997, Task_hours!$E$4:$E$997, AH$16, Task_hours!$G$4:$G$997, $A23) -> 3 | AJ23: =SUMIFS(Task_hours!$H$4:$H$997, Task_hours!$E$4:$E$997, AJ$16, Task_hours!$F$4:$F$997, $A23) -> 0 | AK23: =SUMIFS(Task_hours!$H$4:$H$997, Task_hours!$E$4:$E$997, AJ$16, Task_hours!$G$4:$G$997, $A23) -> 0 | AL23: =SUMIFS(Task_hours!$H$4:$H$997, Task_hours!$E$4:$E$997, AL$16, Task_hours!$F$4:$F$997, $A23) -> 0 | AM23: =SUMIFS(Task_hours!$H$4:$H$997, Task_hours!$E$4:$E$997, AL$16, Task_hours!$G$4:$G$997, $A23) -> 0 | AN23: =SUMIFS(Task_hours!$H$4:$H$997, Task_hours!$E$4:$E$997, AN$16, Task_hours!$F$4:$F$997, $A23) -> 0 | AO23: =SUMIFS(Task_hours!$H$4:$H$997, Task_hours!$E$4:$E$997, AN$16, Task_hours!$G$4:$G$997, $A23) -> 0 | AP23: =SUMIFS(Task_hours!$H$4:$H$997, Task_hours!$E$4:$E$997, AP$16, Task_hours!$F$4:$F$997, $A23) -> 0 | AQ23: =SUMIFS(Task_hours!$H$4:$H$997, Task_hours!$E$4:$E$997, AP$16, Task_hours!$G$4:$G$997, $A23) -> 0 | AR23: =SUMIFS(Task_hours!$H$4:$H$997, Task_hours!$E$4:$E$997, AR$16, Task_hours!$F$4:$F$997, $A23) -> 0 | AS23: =SUMIFS(Task_hours!$H$4:$H$997, Task_hours!$E$4:$E$997, AR$16, Task_hours!$G$4:$G$997, $A23) -> 0 | AT23: =SUMIFS(Task_hours!$H$4:$H$997, Task_hours!$E$4:$E$997, AT$16, Task_hours!$F$4:$F$997, $A23) -> 0 | AU23: =SUMIFS(Task_hours!$H$4:$H$997, Task_hours!$E$4:$E$997, AT$16, Task_hours!$G$4:$G$997, $A23) -> 0 | AV23: =SUMIFS(Task_hours!$H$4:$H$997, Task_hours!$E$4:$E$997, AV$16, Task_hours!$F$4:$F$997, $A23) -> 0 | AW23: =SUMIFS(Task_hours!$H$4:$H$997, Task_hours!$E$4:$E$997, AV$16, Task_hours!$G$4:$G$997, $A23) -> 0 | AX23: =SUMIFS(Task_hours!$H$4:$H$997, Task_hours!$E$4:$E$997, AX$16, Task_hours!$F$4:$F$997, $A23) -> 0 | AY23: =SUMIFS(Task_hours!$H$4:$H$997, Task_hours!$E$4:$E$997, AX$16, Task_hours!$G$4:$G$997, $A23) -> 0
A24: Francesco | B24: =SUMIFS(Tasks!$H$3:$H1004, Tasks!$F$3:$F1004, $A24, Tasks!$B$3:$B1004, $A$15, Tasks!$K$3:$K1004, "Backlog") -> 0 | C24: =SUMIFS(Tasks!$H$3:$H1004, Tasks!$G$3:$G1004, $A24, Tasks!$B$3:$B1004, $A$15, Tasks!$K$3:$K1004, "Backlog") -> 0 | D24: =SUMIFS(Tasks!$H$3:$H1004, Tasks!$F$3:$F1004, $A24, Tasks!$B$3:$B1004, $A$15, Tasks!$K$3:$K1004, "Progress")-SUMIFS(Tasks!$I$3:$I1004, Tasks!$F$3:$F1004, $A24, Tasks!$B$3:$B1004, $A$15, Tasks!$K$3:$K1004, "Progress") -> 0 | E24: =SUMIFS(Tasks!$H$3:$H1004, Tasks!$G$3:$G1004, $A24, Tasks!$B$3:$B1004, $A$15, Tasks!$K$3:$K1004, "Progress")-SUMIFS(Tasks!$I$3:$I1004, Tasks!$G$3:$G1004, $A24, Tasks!$B$3:$B1004, $A$15, Tasks!$K$3:$K1004, "Progress") -> 0 | F24: =H24+B24 -> 12.5 | G24: =I24+C24 -> 10.5 | H24: =SUM(J24,L24,N24,P24,R24,T24,V24,X24,Z24,AB24,AD24,AF24,AH24,AJ24) -> 12.5 | I24: =SUM(K24,M24,O24,Q24,S24,U24,W24,Y24,AA24,AC24,AE24,AG24,AI24,AK24) -> 10.5 | J24: =SUMIFS(Task_hours!$H$4:$H$997, Task_hours!$E$4:$E$997, J$16, Task_hours!$F$4:$F$997, $A24) -> 0 | K24: =SUMIFS(Task_hours!$H$4:$H$997, Task_hours!$E$4:$E$997, J$16, Task_hours!$G$4:$G$997, $A24) -> 0 | L24: =SUMIFS(Task_hours!$H$4:$H$997, Task_hours!$E$4:$E$997, L$16, Task_hours!$F$4:$F$997, $A24) -> 0 | M24: =SUMIFS(Task_hours!$H$4:$H$997, Task_hours!$E$4:$E$997, L$16, Task_hours!$G$4:$G$997, $A24) -> 0 | N24: =SUMIFS(Task_hours!$H$4:$H$997, Task_hours!$E$4:$E$997, N$16, Task_hours!$F$4:$F$997, $A24) -> 0 | O24: =SUMIFS(Task_hours!$H$4:$H$997, Task_hours!$E$4:$E$997, N$16, Task_hours!$G$4:$G$997, $A24) -> 0 | P24: =SUMIFS(Task_hours!$H$4:$H$997, Task_hours!$E$4:$E$997, P$16, Task_hours!$F$4:$F$997, $A24) -> 0 | Q24: =SUMIFS(Task_hours!$H$4:$H$997, Task_hours!$E$4:$E$997, P$16, Task_hours!$G$4:$G$997, $A24) -> 0 | R24: =SUMIFS(Task_hours!$H$4:$H$997, Task_hours!$E$4:$E$997, R$16, Task_hours!$F$4:$F$997, $A24) -> 0 | S24: =SUMIFS(Task_hours!$H$4:$H$997, Task_hours!$E$4:$E$997, R$16, Task_hours!$G$4:$G$997, $A24) -> 0 | T24: =SUMIFS(Task_hours!$H$4:$H$997, Task_hours!$E$4:$E$997, T$16, Task_hours!$F$4:$F$997, $A24) -> 0 | U24: =SUMIFS(Task_hours!$H$4:$H$997, Task_hours!$E$4:$E$997, T$16, Task_hours!$G$4:$G$997, $A24) -> 0 | V24: =SUMIFS(Task_hours!$H$4:$H$997, Task_hours!$E$4:$E$997, V$16, Task_hours!$F$4:$F$997, $A24) -> 0 | W24: =SUMIFS(Task_hours!$H$4:$H$997, Task_hours!$E$4:$E$997, V$16, Task_hours!$G$4:$G$997, $A24) -> 3.5 | X24: =SUMIFS(Task_hours!$H$4:$H$997, Task_hours!$E$4:$E$997, X$16, Task_hours!$F$4:$F$997, $A24) -> 0 | Y24: =SUMIFS(Task_hours!$H$4:$H$997, Task_hours!$E$4:$E$997, X$16, Task_hours!$G$4:$G$997, $A24) -> 0 | Z24: =SUMIFS(Task_hours!$H$4:$H$997, Task_hours!$E$4:$E$997, Z$16, Task_hours!$F$4:$F$997, $A24) -> 0 | AA24: =SUMIFS(Task_hours!$H$4:$H$997, Task_hours!$E$4:$E$997, Z$16, Task_hours!$G$4:$G$997, $A24) -> 0 | AB24: =SUMIFS(Task_hours!$H$4:$H$997, Task_hours!$E$4:$E$997, AB$16, Task_hours!$F$4:$F$997, $A24) -> 0 | AC24: =SUMIFS(Task_hours!$H$4:$H$997, Task_hours!$E$4:$E$997, AB$16, Task_hours!$G$4:$G$997, $A24) -> 0 | AD24: =SUMIFS(Task_hours!$H$4:$H$997, Task_hours!$E$4:$E$997, AD$16, Task_hours!$F$4:$F$997, $A24) -> 9 | AE24: =SUMIFS(Task_hours!$H$4:$H$997, Task_hours!$E$4:$E$997, AD$16, Task_hours!$G$4:$G$997, $A24) -> 5 | AF24: =SUMIFS(Task_hours!$H$4:$H$997, Task_hours!$E$4:$E$997, AF$16, Task_hours!$F$4:$F$997, $A24) -> 0 | AG24: =SUMIFS(Task_hours!$H$4:$H$997, Task_hours!$E$4:$E$997, AF$16, Task_hours!$G$4:$G$997, $A24) -> 2 | AH24: =SUMIFS(Task_hours!$H$4:$H$997, Task_hours!$E$4:$E$997, AH$16, Task_hours!$F$4:$F$997, $A24) -> 1.5 | AI24: =SUMIFS(Task_hours!$H$4:$H$997, Task_hours!$E$4:$E$997, AH$16, Task_hours!$G$4:$G$997, $A24) -> 0 | AJ24: =SUMIFS(Task_hours!$H$4:$H$997, Task_hours!$E$4:$E$997, AJ$16, Task_hours!$F$4:$F$997, $A24) -> 2 | AK24: =SUMIFS(Task_hours!$H$4:$H$997, Task_hours!$E$4:$E$997, AJ$16, Task_hours!$G$4:$G$997, $A24) -> 0 | AL24: =SUMIFS(Task_hours!$H$4:$H$997, Task_hours!$E$4:$E$997, AL$16, Task_hours!$F$4:$F$997, $A24) -> 0 | AM24: =SUMIFS(Task_hours!$H$4:$H$997, Task_hours!$E$4:$E$997, AL$16, Task_hours!$G$4:$G$997, $A24) -> 0 | AN24: =SUMIFS(Task_hours!$H$4:$H$997, Task_hours!$E$4:$E$997, AN$16, Task_hours!$F$4:$F$997, $A24) -> 0 | AO24: =SUMIFS(Task_hours!$H$4:$H$997, Task_hours!$E$4:$E$997, AN$16, Task_hours!$G$4:$G$997, $A24) -> 0 | AP24: =SUMIFS(Task_hours!$H$4:$H$997, Task_hours!$E$4:$E$997, AP$16, Task_hours!$F$4:$F$997, $A24) -> 0 | AQ24: =SUMIFS(Task_hours!$H$4:$H$997, Task_hours!$E$4:$E$997, AP$16, Task_hours!$G$4:$G$997, $A24) -> 0 | AR24: =SUMIFS(Task_hours!$H$4:$H$997, Task_hours!$E$4:$E$997, AR$16, Task_hours!$F$4:$F$997, $A24) -> 0 | AS24: =SUMIFS(Task_hours!$H$4:$H$997, Task_hours!$E$4:$E$997, AR$16, Task_hours!$G$4:$G$997, $A24) -> 0 | AT24: =SUMIFS(Task_hours!$H$4:$H$997, Task_hours!$E$4:$E$997, AT$16, Task_hours!$F$4:$F$997, $A24) -> 0 | AU24: =SUMIFS(Task_hours!$H$4:$H$997, Task_hours!$E$4:$E$997, AT$16, Task_hours!$G$4:$G$997, $A24) -> 0 | AV24: =SUMIFS(Task_hours!$H$4:$H$997, Task_hours!$E$4:$E$997, AV$16, Task_hours!$F$4:$F$997, $A24) -> 0 | AW24: =SUMIFS(Task_hours!$H$4:$H$997, Task_hours!$E$4:$E$997, AV$16, Task_hours!$G$4:$G$997, $A24) -> 0 | AX24: =SUMIFS(Task_hours!$H$4:$H$997, Task_hours!$E$4:$E$997, AX$16, Task_hours!$F$4:$F$997, $A24) -> 0 | AY24: =SUMIFS(Task_hours!$H$4:$H$997, Task_hours!$E$4:$E$997, AX$16, Task_hours!$G$4:$G$997, $A24) -> 0
A25: Elliot | B25: =SUMIFS(Tasks!$H$3:$H1004, Tasks!$F$3:$F1004, $A25, Tasks!$B$3:$B1004, $A$15, Tasks!$K$3:$K1004, "Backlog") -> 0 | C25: =SUMIFS(Tasks!$H$3:$H1004, Tasks!$G$3:$G1004, $A25, Tasks!$B$3:$B1004, $A$15, Tasks!$K$3:$K1004, "Backlog") -> 0 | D25: =SUMIFS(Tasks!$H$3:$H1004, Tasks!$F$3:$F1004, $A25, Tasks!$B$3:$B1004, $A$15, Tasks!$K$3:$K1004, "Progress")-SUMIFS(Tasks!$I$3:$I1004, Tasks!$F$3:$F1004, $A25, Tasks!$B$3:$B1004, $A$15, Tasks!$K$3:$K1004, "Progress") -> 0 | E25: =SUMIFS(Tasks!$H$3:$H1004, Tasks!$G$3:$G1004, $A25, Tasks!$B$3:$B1004, $A$15, Tasks!$K$3:$K1004, "Progress")-SUMIFS(Tasks!$I$3:$I1004, Tasks!$G$3:$G1004, $A25, Tasks!$B$3:$B1004, $A$15, Tasks!$K$3:$K1004, "Progress") -> 0 | F25: =H25+B25 -> 10.5 | G25: =I25+C25 -> 0 | H25: =SUM(J25,L25,N25,P25,R25,T25,V25,X25,Z25,AB25,AD25,AF25,AH25,AJ25) -> 10.5 | I25: =SUM(K25,M25,O25,Q25,S25,U25,W25,Y25,AA25,AC25,AE25,AG25,AI25,AK25) -> 0 | J25: =SUMIFS(Task_hours!$H$4:$H$997, Task_hours!$E$4:$E$997, J$16, Task_hours!$F$4:$F$997, $A25) -> 0 | K25: =SUMIFS(Task_hours!$H$4:$H$997, Task_hours!$E$4:$E$997, J$16, Task_hours!$G$4:$G$997, $A25) -> 0 | L25: =SUMIFS(Task_hours!$H$4:$H$997, Task_hours!$E$4:$E$997, L$16, Task_hours!$F$4:$F$997, $A25) -> 3 | M25: =SUMIFS(Task_hours!$H$4:$H$997, Task_hours!$E$4:$E$997, L$16, Task_hours!$G$4:$G$997, $A25) -> 0 | N25: =SUMIFS(Task_hours!$H$4:$H$997, Task_hours!$E$4:$E$997, N$16, Task_hours!$F$4:$F$997, $A25) -> 1.5 | O25: =SUMIFS(Task_hours!$H$4:$H$997, Task_hours!$E$4:$E$997, N$16, Task_hours!$G$4:$G$997, $A25) -> 0 | P25: =SUMIFS(Task_hours!$H$4:$H$997, Task_hours!$E$4:$E$997, P$16, Task_hours!$F$4:$F$997, $A25) -> 0 | Q25: =SUMIFS(Task_hours!$H$4:$H$997, Task_hours!$E$4:$E$997, P$16, Task_hours!$G$4:$G$997, $A25) -> 0 | R25: =SUMIFS(Task_hours!$H$4:$H$997, Task_hours!$E$4:$E$997, R$16, Task_hours!$F$4:$F$997, $A25) -> 0 | S25: =SUMIFS(Task_hours!$H$4:$H$997, Task_hours!$E$4:$E$997, R$16, Task_hours!$G$4:$G$997, $A25) -> 0 | T25: =SUMIFS(Task_hours!$H$4:$H$997, Task_hours!$E$4:$E$997, T$16, Task_hours!$F$4:$F$997, $A25) -> 0 | U25: =SUMIFS(Task_hours!$H$4:$H$997, Task_hours!$E$4:$E$997, T$16, Task_hours!$G$4:$G$997, $A25) -> 0 | V25: =SUMIFS(Task_hours!$H$4:$H$997, Task_hours!$E$4:$E$997, V$16, Task_hours!$F$4:$F$997, $A25) -> 0 | W25: =SUMIFS(Task_hours!$H$4:$H$997, Task_hours!$E$4:$E$997, V$16, Task_hours!$G$4:$G$997, $A25) -> 0 | X25: =SUMIFS(Task_hours!$H$4:$H$997, Task_hours!$E$4:$E$997, X$16, Task_hours!$F$4:$F$997, $A25) -> 1.5 | Y25: =SUMIFS(Task_hours!$H$4:$H$997, Task_hours!$E$4:$E$997, X$16, Task_hours!$G$4:$G$997, $A25) -> 0 | Z25: =SUMIFS(Task_hours!$H$4:$H$997, Task_hours!$E$4:$E$997, Z$16, Task_hours!$F$4:$F$997, $A25) -> 0 | AA25: =SUMIFS(Task_hours!$H$4:$H$997, Task_hours!$E$4:$E$997, Z$16, Task_hours!$G$4:$G$997, $A25) -> 0 | AB25: =SUMIFS(Task_hours!$H$4:$H$997, Task_hours!$E$4:$E$997, AB$16, Task_hours!$F$4:$F$997, $A25) -> 0 | AC25: =SUMIFS(Task_hours!$H$4:$H$997, Task_hours!$E$4:$E$997, AB$16, Task_hours!$G$4:$G$997, $A25) -> 0 | AD25: =SUMIFS(Task_hours!$H$4:$H$997, Task_hours!$E$4:$E$997, AD$16, Task_hours!$F$4:$F$997, $A25) -> 0 | AE25: =SUMIFS(Task_hours!$H$4:$H$997, Task_hours!$E$4:$E$997, AD$16, Task_hours!$G$4:$G$997, $A25) -> 0 | AF25: =SUMIFS(Task_hours!$H$4:$H$997, Task_hours!$E$4:$E$997, AF$16, Task_hours!$F$4:$F$997, $A25) -> 2 | AG25: =SUMIFS(Task_hours!$H$4:$H$997, Task_hours!$E$4:$E$997, AF$16, Task_hours!$G$4:$G$997, $A25) -> 0 | AH25: =SUMIFS(Task_hours!$H$4:$H$997, Task_hours!$E$4:$E$997, AH$16, Task_hours!$F$4:$F$997, $A25) -> 1 | AI25: =SUMIFS(Task_hours!$H$4:$H$997, Task_hours!$E$4:$E$997, AH$16, Task_hours!$G$4:$G$997, $A25) -> 0 | AJ25: =SUMIFS(Task_hours!$H$4:$H$997, Task_hours!$E$4:$E$997, AJ$16, Task_hours!$F$4:$F$997, $A25) -> 1.5 | AK25: =SUMIFS(Task_hours!$H$4:$H$997, Task_hours!$E$4:$E$997, AJ$16, Task_hours!$G$4:$G$997, $A25) -> 0 | AL25: =SUMIFS(Task_hours!$H$4:$H$997, Task_hours!$E$4:$E$997, AL$16, Task_hours!$F$4:$F$997, $A25) -> 0 | AM25: =SUMIFS(Task_hours!$H$4:$H$997, Task_hours!$E$4:$E$997, AL$16, Task_hours!$G$4:$G$997, $A25) -> 0 | AN25: =SUMIFS(Task_hours!$H$4:$H$997, Task_hours!$E$4:$E$997, AN$16, Task_hours!$F$4:$F$997, $A25) -> 0 | AO25: =SUMIFS(Task_hours!$H$4:$H$997, Task_hours!$E$4:$E$997, AN$16, Task_hours!$G$4:$G$997, $A25) -> 0 | AP25: =SUMIFS(Task_hours!$H$4:$H$997, Task_hours!$E$4:$E$997, AP$16, Task_hours!$F$4:$F$997, $A25) -> 0 | AQ25: =SUMIFS(Task_hours!$H$4:$H$997, Task_hours!$E$4:$E$997, AP$16, Task_hours!$G$4:$G$997, $A25) -> 0 | AR25: =SUMIFS(Task_hours!$H$4:$H$997, Task_hours!$E$4:$E$997, AR$16, Task_hours!$F$4:$F$997, $A25) -> 0 | AS25: =SUMIFS(Task_hours!$H$4:$H$997, Task_hours!$E$4:$E$997, AR$16, Task_hours!$G$4:$G$997, $A25) -> 0 | AT25: =SUMIFS(Task_hours!$H$4:$H$997, Task_hours!$E$4:$E$997, AT$16, Task_hours!$F$4:$F$997, $A25) -> 0 | AU25: =SUMIFS(Task_hours!$H$4:$H$997, Task_hours!$E$4:$E$997, AT$16, Task_hours!$G$4:$G$997, $A25) -> 0 | AV25: =SUMIFS(Task_hours!$H$4:$H$997, Task_hours!$E$4:$E$997, AV$16, Task_hours!$F$4:$F$997, $A25) -> 0 | AW25: =SUMIFS(Task_hours!$H$4:$H$997, Task_hours!$E$4:$E$997, AV$16, Task_hours!$G$4:$G$997, $A25) -> 0 | AX25: =SUMIFS(Task_hours!$H$4:$H$997, Task_hours!$E$4:$E$997, AX$16, Task_hours!$F$4:$F$997, $A25) -> 0 | AY25: =SUMIFS(Task_hours!$H$4:$H$997, Task_hours!$E$4:$E$997, AX$16, Task_hours!$G$4:$G$997, $A25) -> 0
A26: Théo | B26: =SUMIFS(Tasks!$H$3:$H1004, Tasks!$F$3:$F1004, $A26, Tasks!$B$3:$B1004, $A$15, Tasks!$K$3:$K1004, "Backlog") -> 0 | C26: =SUMIFS(Tasks!$H$3:$H1004, Tasks!$G$3:$G1004, $A26, Tasks!$B$3:$B1004, $A$15, Tasks!$K$3:$K1004, "Backlog") -> 0 | D26: =SUMIFS(Tasks!$H$3:$H1004, Tasks!$F$3:$F1004, $A26, Tasks!$B$3:$B1004, $A$15, Tasks!$K$3:$K1004, "Progress")-SUMIFS(Tasks!$I$3:$I1004, Tasks!$F$3:$F1004, $A26, Tasks!$B$3:$B1004, $A$15, Tasks!$K$3:$K1004, "Progress") -> 0 | E26: =SUMIFS(Tasks!$H$3:$H1004, Tasks!$G$3:$G1004, $A26, Tasks!$B$3:$B1004, $A$15, Tasks!$K$3:$K1004, "Progress")-SUMIFS(Tasks!$I$3:$I1004, Tasks!$G$3:$G1004, $A26, Tasks!$B$3:$B1004, $A$15, Tasks!$K$3:$K1004, "Progress") -> 0 | F26: =H26+B26 -> 8 | G26: =I26+C26 -> 7 | H26: =SUM(J26,L26,N26,P26,R26,T26,V26,X26,Z26,AB26,AD26,AF26,AH26,AJ26) -> 8 | I26: =SUM(K26,M26,O26,Q26,S26,U26,W26,Y26,AA26,AC26,AE26,AG26,AI26,AK26) -> 7 | J26: =SUMIFS(Task_hours!$H$4:$H$997, Task_hours!$E$4:$E$997, J$16, Task_hours!$F$4:$F$997, $A26) -> 0 | K26: =SUMIFS(Task_hours!$H$4:$H$997, Task_hours!$E$4:$E$997, J$16, Task_hours!$G$4:$G$997, $A26) -> 0 | L26: =SUMIFS(Task_hours!$H$4:$H$997, Task_hours!$E$4:$E$997, L$16, Task_hours!$F$4:$F$997, $A26) -> 0 | M26: =SUMIFS(Task_hours!$H$4:$H$997, Task_hours!$E$4:$E$997, L$16, Task_hours!$G$4:$G$997, $A26) -> 0 | N26: =SUMIFS(Task_hours!$H$4:$H$997, Task_hours!$E$4:$E$997, N$16, Task_hours!$F$4:$F$997, $A26) -> 0 | O26: =SUMIFS(Task_hours!$H$4:$H$997, Task_hours!$E$4:$E$997, N$16, Task_hours!$G$4:$G$997, $A26) -> 0 | P26: =SUMIFS(Task_hours!$H$4:$H$997, Task_hours!$E$4:$E$997, P$16, Task_hours!$F$4:$F$997, $A26) -> 0 | Q26: =SUMIFS(Task_hours!$H$4:$H$997, Task_hours!$E$4:$E$997, P$16, Task_hours!$G$4:$G$997, $A26) -> 0 | R26: =SUMIFS(Task_hours!$H$4:$H$997, Task_hours!$E$4:$E$997, R$16, Task_hours!$F$4:$F$997, $A26) -> 0 | S26: =SUMIFS(Task_hours!$H$4:$H$997, Task_hours!$E$4:$E$997, R$16, Task_hours!$G$4:$G$997, $A26) -> 0 | T26: =SUMIFS(Task_hours!$H$4:$H$997, Task_hours!$E$4:$E$997, T$16, Task_hours!$F$4:$F$997, $A26) -> 0 | U26: =SUMIFS(Task_hours!$H$4:$H$997, Task_hours!$E$4:$E$997, T$16, Task_hours!$G$4:$G$997, $A26) -> 0 | V26: =SUMIFS(Task_hours!$H$4:$H$997, Task_hours!$E$4:$E$997, V$16, Task_hours!$F$4:$F$997, $A26) -> 0 | W26: =SUMIFS(Task_hours!$H$4:$H$997, Task_hours!$E$4:$E$997, V$16, Task_hours!$G$4:$G$997, $A26) -> 0 | X26: =SUMIFS(Task_hours!$H$4:$H$997, Task_hours!$E$4:$E$997, X$16, Task_hours!$F$4:$F$997, $A26) -> 0 | Y26: =SUMIFS(Task_hours!$H$4:$H$997, Task_hours!$E$4:$E$997, X$16, Task_hours!$G$4:$G$997, $A26) -> 0 | Z26: =SUMIFS(Task_hours!$H$4:$H$997, Task_hours!$E$4:$E$997, Z$16, Task_hours!$F$4:$F$997, $A26) -> 3 | AA26: =SUMIFS(Task_hours!$H$4:$H$997, Task_hours!$E$4:$E$997, Z$16, Task_hours!$G$4:$G$997, $A26) -> 2 | AB26: =SUMIFS(Task_hours!$H$4:$H$997, Task_hours!$E$4:$E$997, AB$16, Task_hours!$F$4:$F$997, $A26) -> 0 | AC26: =SUMIFS(Task_hours!$H$4:$H$997, Task_hours!$E$4:$E$997, AB$16, Task_hours!$G$4:$G$997, $A26) -> 1 | AD26: =SUMIFS(Task_hours!$H$4:$H$997, Task_hours!$E$4:$E$997, AD$16, Task_hours!$F$4:$F$997, $A26) -> 2.5 | AE26: =SUMIFS(Task_hours!$H$4:$H$997, Task_hours!$E$4:$E$997, AD$16, Task_hours!$G$4:$G$997, $A26) -> 0 | AF26: =SUMIFS(Task_hours!$H$4:$H$997, Task_hours!$E$4:$E$997, AF$16, Task_hours!$F$4:$F$997, $A26) -> 0 | AG26: =SUMIFS(Task_hours!$H$4:$H$997, Task_hours!$E$4:$E$997, AF$16, Task_hours!$G$4:$G$997, $A26) -> 0 | AH26: =SUMIFS(Task_hours!$H$4:$H$997, Task_hours!$E$4:$E$997, AH$16, Task_hours!$F$4:$F$997, $A26) -> 0 | AI26: =SUMIFS(Task_hours!$H$4:$H$997, Task_hours!$E$4:$E$997, AH$16, Task_hours!$G$4:$G$997, $A26) -> 1 | AJ26: =SUMIFS(Task_hours!$H$4:$H$997, Task_hours!$E$4:$E$997, AJ$16, Task_hours!$F$4:$F$997, $A26) -> 2.5 | AK26: =SUMIFS(Task_hours!$H$4:$H$997, Task_hours!$E$4:$E$997, AJ$16, Task_hours!$G$4:$G$997, $A26) -> 3 | AL26: =SUMIFS(Task_hours!$H$4:$H$997, Task_hours!$E$4:$E$997, AL$16, Task_hours!$F$4:$F$997, $A26) -> 0 | AM26: =SUMIFS(Task_hours!$H$4:$H$997, Task_hours!$E$4:$E$997, AL$16, Task_hours!$G$4:$G$997, $A26) -> 0 | AN26: =SUMIFS(Task_hours!$H$4:$H$997, Task_hours!$E$4:$E$997, AN$16, Task_hours!$F$4:$F$997, $A26) -> 0 | AO26: =SUMIFS(Task_hours!$H$4:$H$997, Task_hours!$E$4:$E$997, AN$16, Task_hours!$G$4:$G$997, $A26) -> 0 | AP26: =SUMIFS(Task_hours!$H$4:$H$997, Task_hours!$E$4:$E$997, AP$16, Task_hours!$F$4:$F$997, $A26) -> 0 | AQ26: =SUMIFS(Task_hours!$H$4:$H$997, Task_hours!$E$4:$E$997, AP$16, Task_hours!$G$4:$G$997, $A26) -> 0 | AR26: =SUMIFS(Task_hours!$H$4:$H$997, Task_hours!$E$4:$E$997, AR$16, Task_hours!$F$4:$F$997, $A26) -> 0 | AS26: =SUMIFS(Task_hours!$H$4:$H$997, Task_hours!$E$4:$E$997, AR$16, Task_hours!$G$4:$G$997, $A26) -> 0 | AT26: =SUMIFS(Task_hours!$H$4:$H$997, Task_hours!$E$4:$E$997, AT$16, Task_hours!$F$4:$F$997, $A26) -> 0 | AU26: =SUMIFS(Task_hours!$H$4:$H$997, Task_hours!$E$4:$E$997, AT$16, Task_hours!$G$4:$G$997, $A26) -> 0 | AV26: =SUMIFS(Task_hours!$H$4:$H$997, Task_hours!$E$4:$E$997, AV$16, Task_hours!$F$4:$F$997, $A26) -> 0 | AW26: =SUMIFS(Task_hours!$H$4:$H$997, Task_hours!$E$4:$E$997, AV$16, Task_hours!$G$4:$G$997, $A26) -> 0 | AX26: =SUMIFS(Task_hours!$H$4:$H$997, Task_hours!$E$4:$E$997, AX$16, Task_hours!$F$4:$F$997, $A26) -> 0 | AY26: =SUMIFS(Task_hours!$H$4:$H$997, Task_hours!$E$4:$E$997, AX$16, Task_hours!$G$4:$G$997, $A26) -> 0
A27: Emile | B27: =SUMIFS(Tasks!$H$3:$H1004, Tasks!$F$3:$F1004, $A27, Tasks!$B$3:$B1004, $A$15, Tasks!$K$3:$K1004, "Backlog") -> 0 | C27: =SUMIFS(Tasks!$H$3:$H1004, Tasks!$G$3:$G1004, $A27, Tasks!$B$3:$B1004, $A$15, Tasks!$K$3:$K1004, "Backlog") -> 0 | D27: =SUMIFS(Tasks!$H$3:$H1004, Tasks!$F$3:$F1004, $A27, Tasks!$B$3:$B1004, $A$15, Tasks!$K$3:$K1004, "Progress")-SUMIFS(Tasks!$I$3:$I1004, Tasks!$F$3:$F1004, $A27, Tasks!$B$3:$B1004, $A$15, Tasks!$K$3:$K1004, "Progress") -> 0 | E27: =SUMIFS(Tasks!$H$3:$H1004, Tasks!$G$3:$G1004, $A27, Tasks!$B$3:$B1004, $A$15, Tasks!$K$3:$K1004, "Progress")-SUMIFS(Tasks!$I$3:$I1004, Tasks!$G$3:$G1004, $A27, Tasks!$B$3:$B1004, $A$15, Tasks!$K$3:$K1004, "Progress") -> 0 | F27: =H27+B27 -> 1 | G27: =I27+C27 -> 8.5 | H27: =SUM(J27,L27,N27,P27,R27,T27,V27,X27,Z27,AB27,AD27,AF27,AH27,AJ27) -> 1 | I27: =SUM(K27,M27,O27,Q27,S27,U27,W27,Y27,AA27,AC27,AE27,AG27,AI27,AK27) -> 8.5 | J27: =SUMIFS(Task_hours!$H$4:$H$997, Task_hours!$E$4:$E$997, J$16, Task_hours!$F$4:$F$997, $A27) -> 0 | K27: =SUMIFS(Task_hours!$H$4:$H$997, Task_hours!$E$4:$E$997, J$16, Task_hours!$G$4:$G$997, $A27) -> 0 | L27: =SUMIFS(Task_hours!$H$4:$H$997, Task_hours!$E$4:$E$997, L$16, Task_hours!$F$4:$F$997, $A27) -> 0 | M27: =SUMIFS(Task_hours!$H$4:$H$997, Task_hours!$E$4:$E$997, L$16, Task_hours!$G$4:$G$997, $A27) -> 0 | N27: =SUMIFS(Task_hours!$H$4:$H$997, Task_hours!$E$4:$E$997, N$16, Task_hours!$F$4:$F$997, $A27) -> 0 | O27: =SUMIFS(Task_hours!$H$4:$H$997, Task_hours!$E$4:$E$997, N$16, Task_hours!$G$4:$G$997, $A27) -> 1.5 | P27: =SUMIFS(Task_hours!$H$4:$H$997, Task_hours!$E$4:$E$997, P$16, Task_hours!$F$4:$F$997, $A27) -> 0 | Q27: =SUMIFS(Task_hours!$H$4:$H$997, Task_hours!$E$4:$E$997, P$16, Task_hours!$G$4:$G$997, $A27) -> 0 | R27: =SUMIFS(Task_hours!$H$4:$H$997, Task_hours!$E$4:$E$997, R$16, Task_hours!$F$4:$F$997, $A27) -> 0 | S27: =SUMIFS(Task_hours!$H$4:$H$997, Task_hours!$E$4:$E$997, R$16, Task_hours!$G$4:$G$997, $A27) -> 0 | T27: =SUMIFS(Task_hours!$H$4:$H$997, Task_hours!$E$4:$E$997, T$16, Task_hours!$F$4:$F$997, $A27) -> 0 | U27: =SUMIFS(Task_hours!$H$4:$H$997, Task_hours!$E$4:$E$997, T$16, Task_hours!$G$4:$G$997, $A27) -> 0 | V27: =SUMIFS(Task_hours!$H$4:$H$997, Task_hours!$E$4:$E$997, V$16, Task_hours!$F$4:$F$997, $A27) -> 0 | W27: =SUMIFS(Task_hours!$H$4:$H$997, Task_hours!$E$4:$E$997, V$16, Task_hours!$G$4:$G$997, $A27) -> 0 | X27: =SUMIFS(Task_hours!$H$4:$H$997, Task_hours!$E$4:$E$997, X$16, Task_hours!$F$4:$F$997, $A27) -> 0 | Y27: =SUMIFS(Task_hours!$H$4:$H$997, Task_hours!$E$4:$E$997, X$16, Task_hours!$G$4:$G$997, $A27) -> 1.5 | Z27: =SUMIFS(Task_hours!$H$4:$H$997, Task_hours!$E$4:$E$997, Z$16, Task_hours!$F$4:$F$997, $A27) -> 0 | AA27: =SUMIFS(Task_hours!$H$4:$H$997, Task_hours!$E$4:$E$997, Z$16, Task_hours!$G$4:$G$997, $A27) -> 0 | AB27: =SUMIFS(Task_hours!$H$4:$H$997, Task_hours!$E$4:$E$997, AB$16, Task_hours!$F$4:$F$997, $A27) -> 0 | AC27: =SUMIFS(Task_hours!$H$4:$H$997, Task_hours!$E$4:$E$997, AB$16, Task_hours!$G$4:$G$997, $A27) -> 0 | AD27: =SUMIFS(Task_hours!$H$4:$H$997, Task_hours!$E$4:$E$997, AD$16, Task_hours!$F$4:$F$997, $A27) -> 0 | AE27: =SUMIFS(Task_hours!$H$4:$H$997, Task_hours!$E$4:$E$997, AD$16, Task_hours!$G$4:$G$997, $A27) -> 0 | AF27: =SUMIFS(Task_hours!$H$4:$H$997, Task_hours!$E$4:$E$997, AF$16, Task_hours!$F$4:$F$997, $A27) -> 0 | AG27: =SUMIFS(Task_hours!$H$4:$H$997, Task_hours!$E$4:$E$997, AF$16, Task_hours!$G$4:$G$997, $A27) -> 2 | AH27: =SUMIFS(Task_hours!$H$4:$H$997, Task_hours!$E$4:$E$997, AH$16, Task_hours!$F$4:$F$997, $A27) -> 1 | AI27: =SUMIFS(Task_hours!$H$4:$H$997, Task_hours!$E$4:$E$997, AH$16, Task_hours!$G$4:$G$997, $A27) -> 1 | AJ27: =SUMIFS(Task_hours!$H$4:$H$997, Task_hours!$E$4:$E$997, AJ$16, Task_hours!$F$4:$F$997, $A27) -> 0 | AK27: =SUMIFS(Task_hours!$H$4:$H$997, Task_hours!$E$4:$E$997, AJ$16, Task_hours!$G$4:$G$997, $A27) -> 2.5 | AL27: =SUMIFS(Task_hours!$H$4:$H$997, Task_hours!$E$4:$E$997, AL$16, Task_hours!$F$4:$F$997, $A27) -> 0 | AM27: =SUMIFS(Task_hours!$H$4:$H$997, Task_hours!$E$4:$E$997, AL$16, Task_hours!$G$4:$G$997, $A27) -> 0 | AN27: =SUMIFS(Task_hours!$H$4:$H$997, Task_hours!$E$4:$E$997, AN$16, Task_hours!$F$4:$F$997, $A27) -> 0 | AO27: =SUMIFS(Task_hours!$H$4:$H$997, Task_hours!$E$4:$E$997, AN$16, Task_hours!$G$4:$G$997, $A27) -> 0 | AP27: =SUMIFS(Task_hours!$H$4:$H$997, Task_hours!$E$4:$E$997, AP$16, Task_hours!$F$4:$F$997, $A27) -> 0 | AQ27: =SUMIFS(Task_hours!$H$4:$H$997, Task_hours!$E$4:$E$997, AP$16, Task_hours!$G$4:$G$997, $A27) -> 0 | AR27: =SUMIFS(Task_hours!$H$4:$H$997, Task_hours!$E$4:$E$997, AR$16, Task_hours!$F$4:$F$997, $A27) -> 0 | AS27: =SUMIFS(Task_hours!$H$4:$H$997, Task_hours!$E$4:$E$997, AR$16, Task_hours!$G$4:$G$997, $A27) -> 0 | AT27: =SUMIFS(Task_hours!$H$4:$H$997, Task_hours!$E$4:$E$997, AT$16, Task_hours!$F$4:$F$997, $A27) -> 0 | AU27: =SUMIFS(Task_hours!$H$4:$H$997, Task_hours!$E$4:$E$997, AT$16, Task_hours!$G$4:$G$997, $A27) -> 0 | AV27: =SUMIFS(Task_hours!$H$4:$H$997, Task_hours!$E$4:$E$997, AV$16, Task_hours!$F$4:$F$997, $A27) -> 0 | AW27: =SUMIFS(Task_hours!$H$4:$H$997, Task_hours!$E$4:$E$997, AV$16, Task_hours!$G$4:$G$997, $A27) -> 0 | AX27: =SUMIFS(Task_hours!$H$4:$H$997, Task_hours!$E$4:$E$997, AX$16, Task_hours!$F$4:$F$997, $A27) -> 0 | AY27: =SUMIFS(Task_hours!$H$4:$H$997, Task_hours!$E$4:$E$997, AX$16, Task_hours!$G$4:$G$997, $A27) -> 0
A28: Totals | B28: =SUM(B18:B27) -> 0 | C28: =SUM(C18:C27) -> 0 | D28: =SUM(D18:D27) -> 0 | E28: =SUM(E18:E27) -> 0 | F28: =SUM(F18:F27) -> 104 | G28: =SUM(G18:G27) -> 86.5 | H28: =SUM(H18:H27) -> 104 | I28: =SUM(I18:I27) -> 86.5 | ... AY28: =SUM(AY18:AY27) -> 0
A29: 4 | B29: Backlog | D29: Progress | F29: Estimated Total | J29: Iteration 4 (Week 1) | X29: Iteration 4 (Week 2) | AL29: Iteration 4 (Week 3)
B30: Estimate/Iteration | D30: Estimate/Iteration | F30: Estimate/Iteration | H30: Total/Iteration | J30: 45048 | L30: 45049 | N30: 45050 | P30: 45051 | R30: 45052 | T30: 45053 | V30: 45054 | X30: 45055 | Z30: 45056 | AB30: 45057 | AD30: 45058 | AF30: 45059 | AH30: 45060 | AJ30: 45061 | AL30: 45062 | AN30: 45063 | AP30: 45064 | AR30: 45065 | AT30: 45066 | AV30: 45067 | AX30: 45068
A31: Members | B31: P | C31: COP | D31: P | E31: COP | F31: P | G31: COP | H31: P | I31: COP | J31: P | K31: COP | L31: P | M31: COP | N31: P | O31: COP | P31: P | Q31: COP | R31: P | S31: COP | T31: P | U31: COP | V31: P | W31: COP | X31: P | Y31: COP | Z31: P | AA31: COP | AB31: P | AC31: COP | AD31: P | AE31: COP | AF31: P | AG31: COP | AH31: P | AI31: COP | AJ31: P | AK31: COP | AL31: P | AM31: COP | AN31: P | AO31: COP | AP31: P | AQ31: COP | AR31: P | AS31: COP | AT31: P | AU31: COP | AV31: P | AW31: COP | AX31: P | AY31: COP
A32: Dave | B32: =SUMIFS(Tasks!$H$3:$H1004, Tasks!$F$3:$F1004, $A32, Tasks!$B$3:$B1004, $A$29, Tasks!$K$3:$K1004, "Backlog") -> 0 | C32: =SUMIFS(Tasks!$H$3:$H1004, Tasks!$G$3:$G1004, $A32, Tasks!$B$3:$B1004, $A$29, Tasks!$K$3:$K1004, "Backlog") -> 0 | D32: =SUMIFS(Tasks!$H$3:$H1004, Tasks!$F$3:$F1004, $A32, Tasks!$B$3:$B1004, $A$29, Tasks!$K$3:$K1004, "Progress")-SUMIFS(Tasks!$I$3:$I1004, Tasks!$F$3:$F1004, $A32, Tasks!$B$3:$B1004, $A$29, Tasks!$K$3:$K1004, "Progress") -> 0 | E32: =SUMIFS(Tasks!$H$3:$H1004, Tasks!$G$3:$G1004, $A32, Tasks!$B$3:$B1004, $A$29, Tasks!$K$3:$K1004, "Progress")-SUMIFS(Tasks!$I$3:$I1004, Tasks!$G$3:$G1004, $A32, Tasks!$B$3:$B1004, $A$29, Tasks!$K$3:$K1004, "Progress") -> 0 | F32: =H32+B32 -> 21.5 | G32: =I32+C32 -> 9 | H32: =SUM(J32,L32,N32,P32,R32,T32,V32,X32,Z32,AB32,AD32,AF32,AH32,AJ32, AL32, AN32, AP32, AR32, AT32, AV32, AX32) -> 21.5 | I32: =SUM(K32,M32,O32,Q32,S32,U32,W32,Y32,AA32,AC32,AE32,AG32,AI32,AK32, AM32, AO32, AQ32, AS32, AU32, AW32, AY32) -> 9 | J32: =SUMIFS(Task_hours!$H$4:$H$997, Task_hours!$E$4:$E$997, J$30, Task_hours!$F$4:$F$997, $A32) -> 0 | K32: =SUMIFS(Task_hours!$H$4:$H$997, Task_hours!$E$4:$E$997, J$30, Task_hours!$G$4:$G$997, $A32) -> 0 | L32: =SUMIFS(Task_hours!$H$4:$H$997, Task_hours!$E$4:$E$997, L$30, Task_hours!$F$4:$F$997, $A32) -> 0 | M32: =SUMIFS(Task_hours!$H$4:$H$997, Task_hours!$E$4:$E$997, L$30, Task_hours!$G$4:$G$997, $A32) -> 0 | N32: =SUMIFS(Task_hours!$H$4:$H$997, Task_hours!$E$4:$E$997, N$30, Task_hours!$F$4:$F$997, $A32) -> 0 | O32: =SUMIFS(Task_hours!$H$4:$H$997, Task_hours!$E$4:$E$997, N$30, Task_hours!$G$4:$G$997, $A32) -> 0 | P32: =SUMIFS(Task_hours!$H$4:$H$997, Task_hours!$E$4:$E$997, P$30, Task_hours!$F$4:$F$997, $A32) -> 0 | Q32: =SUMIFS(Task_hours!$H$4:$H$997, Task_hours!$E$4:$E$997, P$30, Task_hours!$G$4:$G$997, $A32) -> 0 | R32: =SUMIFS(Task_hours!$H$4:$H$997, Task_hours!$E$4:$E$997, R$30, Task_hours!$F$4:$F$997, $A32) -> 0 | S32: =SUMIFS(Task_hours!$H$4:$H$997, Task_hours!$E$4:$E$997, R$30, Task_hours!$G$4:$G$997, $A32) -> 0 | T32: =SUMIFS(Task_hours!$H$4:$H$997, Task_hours!$E$4:$E$997, T$30, Task_hours!$F$4:$F$997, $A32) -> 2 | U32: =SUMIFS(Task_hours!$H$4:$H$997, Task_hours!$E$4:$E$997, T$30, Task_hours!$G$4:$G$997, $A32) -> 0 | V32: =SUMIFS(Task_hours!$H$4:$H$997, Task_hours!$E$4:$E$997, V$30, Task_hours!$F$4:$F$997, $A32) -> 2 | W32: =SUMIFS(Task_hours!$H$4:$H$997, Task_hours!$E$4:$E$997, V$30, Task_hours!$G$4:$G$997, $A32) -> 0 | X32: =SUMIFS(Task_hours!$H$4:$H$997, Task_hours!$E$4:$E$997, X$30, Task_hours!$F$4:$F$997, $A32) -> 0 | Y32: =SUMIFS(Task_hours!$H$4:$H$997, Task_hours!$E$4:$E$997, X$30, Task_hours!$G$4:$G$997, $A32) -> 0 | Z32: =SUMIFS(Task_hours!$H$4:$H$997, Task_hours!$E$4:$E$997, Z$30, Task_hours!$F$4:$F$997, $A32) -> 3.5 | AA32: =SUMIFS(Task_hours!$H$4:$H$997, Task_hours!$E$4:$E$997, Z$30, Task_hours!$G$4:$G$997, $A32) -> 7 | AB32: =SUMIFS(Task_hours!$H$4:$H$997, Task_hours!$E$4:$E$997, AB$30, Task_hours!$F$4:$F$997, $A32) -> 4.5 | AC32: =SUMIFS(Task_hours!$H$4:$H$997, Task_hours!$E$4:$E$997, AB$30, Task_hours!$G$4:$G$997, $A32) -> 0 | AD32: =SUMIFS(Task_hours!$H$4:$H$997, Task_hours!$E$4:$E$997, AD$30, Task_hours!$F$4:$F$997, $A32) -> 0 | AE32: =SUMIFS(Task_hours!$H$4:$H$997, Task_hours!$E$4:$E$997, AD$30, Task_hours!$G$4:$G$997, $A32) -> 0 | AF32: =SUMIFS(Task_hours!$H$4:$H$997, Task_hours!$E$4:$E$997, AF$30, Task_hours!$F$4:$F$997, $A32) -> 0 | AG32: =SUMIFS(Task_hours!$H$4:$H$997, Task_hours!$E$4:$E$997, AF$30, Task_hours!$G$4:$G$997, $A32) -> 0 | AH32: =SUMIFS(Task_hours!$H$4:$H$997, Task_hours!$E$4:$E$997, AH$30, Task_hours!$F$4:$F$997, $A32) -> 0 | AI32: =SUMIFS(Task_hours!$H$4:$H$997, Task_hours!$E$4:$E$997, AH$30, Task_hours!$G$4:$G$997, $A32) -> 0 | AJ32: =SUMIFS(Task_hours!$H$4:$H$997, Task_hours!$E$4:$E$997, AJ$30, Task_hours!$F$4:$F$997, $A32) -> 0 | AK32: =SUMIFS(Task_hours!$H$4:$H$997, Task_hours!$E$4:$E$997, AJ$30, Task_hours!$G$4:$G$997, $A32) -> 1.5 | AL32: =SUMIFS(Task_hours!$H$4:$H$997, Task_hours!$E$4:$E$997, AL$30, Task_hours!$F$4:$F$997, $A32) -> 1.5 | AM32: =SUMIFS(Task_hours!$H$4:$H$997, Task_hours!$E$4:$E$997, AL$30, Task_hours!$G$4:$G$997, $A32) -> 0 | AN32: =SUMIFS(Task_hours!$H$4:$H$997, Task_hours!$E$4:$E$997, AN$30, Task_hours!$F$4:$F$997, $A32) -> 0 | AO32: =SUMIFS(Task_hours!$H$4:$H$997, Task_hours!$E$4:$E$997, AN$30, Task_hours!$G$4:$G$997, $A32) -> 0 | AP32: =SUMIFS(Task_hours!$H$4:$H$997, Task_hours!$E$4:$E$997, AP$30, Task_hours!$F$4:$F$997, $A32) -> 0 | AQ32: =SUMIFS(Task_hours!$H$4:$H$997, Task_hours!$E$4:$E$997, AP$30, Task_hours!$G$4:$G$997, $A32) -> 0 | AR32: =SUMIFS(Task_hours!$H$4:$H$997, Task_hours!$E$4:$E$997, AR$30, Task_hours!$F$4:$F$997, $A32) -> 0 | AS32: =SUMIFS(Task_hours!$H$4:$H$997, Task_hours!$E$4:$E$997, AR$30, Task_hours!$G$4:$G$997, $A32) -> 0 | AT32: =SUMIFS(Task_hours!$H$4:$H$997, Task_hours!$E$4:$E$997, AT$30, Task_hours!$F$4:$F$997, $A32) -> 0 | AU32: =SUMIFS(Task_hours!$H$4:$H$997, Task_hours!$E$4:$E$997, AT$30, Task_hours!$G$4:$G$997, $A32) -> 0 | AV32: =SUMIFS(Task_hours!$H$4:$H$997, Task_hours!$E$4:$E$997, AV$30, Task_hours!$F$4:$F$997, $A32) -> 4.5 | AW32: =SUMIFS(Task_hours!$H$4:$H$997, Task_hours!$E$4:$E$997, AV$30, Task_hours!$G$4:$G$997, $A32) -> 0 | AX32: =SUMIFS(Task_hours!$H$4:$H$997, Task_hours!$E$4:$E$997, AX$30, Task_hours!$F$4:$F$997, $A32) -> 3.5 | AY32: =SUMIFS(Task_hours!$H$4:$H$997, Task_hours!$E$4:$E$997, AX$30, Task_hours!$G$4:$G$997, $A32) -> 0.5
A33: Anton | B33: =SUMIFS(Tasks!$H$3:$H1004, Tasks!$F$3:$F1004, $A33, Tasks!$B$3:$B1004, $A$29, Tasks!$K$3:$K1004, "Backlog") -> 0 | C33: =SUMIFS(Tasks!$H$3:$H1004, Tasks!$G$3:$G1004, $A33, Tasks!$B$3:$B1004, $A$29, Tasks!$K$3:$K1004, "Backlog") -> 0 | D33: =SUMIFS(Tasks!$H$3:$H1004, Tasks!$F$3:$F1004, $A33, Tasks!$B$3:$B1004, $A$29, Tasks!$K$3:$K1004, "Progress")-SUMIFS(Tasks!$I$3:$I1004, Tasks!$F$3:$F1004, $A33, Tasks!$B$3:$B1004, $A$29, Tasks!$K$3:$K1004, "Progress") -> 0 | E33: =SUMIFS(Tasks!$H$3:$H1004, Tasks!$G$3:$G1004, $A33, Tasks!$B$3:$B1004, $A$29, Tasks!$K$3:$K1004, "Progress")-SUMIFS(Tasks!$I$3:$I1004, Tasks!$G$3:$G1004, $A33, Tasks!$B$3:$B1004, $A$29, Tasks!$K$3:$K1004, "Progress") -> 0 | F33: =H33+B33 -> 12 | G33: =I33+C33 -> 3.5 | H33: =SUM(J33,L33,N33,P33,R33,T33,V33,X33,Z33,AB33,AD33,AF33,AH33,AJ33, AL33, AN33, AP33, AR33, AT33, AV33, AX33) -> 12 | I33: =SUM(K33,M33,O33,Q33,S33,U33,W33,Y33,AA33,AC33,AE33,AG33,AI33,AK33, AM33, AO33, AQ33, AS33, AU33, AW33, AY33) -> 3.5 | J33: =SUMIFS(Task_hours!$H$4:$H$997, Task_hours!$E$4:$E$997, J$30, Task_hours!$F$4:$F$997, $A33) -> 0 | K33: =SUMIFS(Task_hours!$H$4:$H$997, Task_hours!$E$4:$E$997, J$30, Task_hours!$G$4:$G$997, $A33) -> 0 | L33: =SUMIFS(Task_hours!$H$4:$H$997, Task_hours!$E$4:$E$997, L$30, Task_hours!$F$4:$F$997, $A33) -> 0 | M33: =SUMIFS(Task_hours!$H$4:$H$997, Task_hours!$E$4:$E$997, L$30, Task_hours!$G$4:$G$997, $A33) -> 0 | N33: =SUMIFS(Task_hours!$H$4:$H$997, Task_hours!$E$4:$E$997, N$30, Task_hours!$F$4:$F$997, $A33) -> 0 | O33: =SUMIFS(Task_hours!$H$4:$H$997, Task_hours!$E$4:$E$997, N$30, Task_hours!$G$4:$G$997, $A33) -> 0 | P33: =SUMIFS(Task_hours!$H$4:$H$997, Task_hours!$E$4:$E$997, P$30, Task_hours!$F$4:$F$997, $A33) -> 0 | Q33: =SUMIFS(Task_hours!$H$4:$H$997, Task_hours!$E$4:$E$997, P$30, Task_hours!$G$4:$G$997, $A33) -> 0 | R33: =SUMIFS(Task_hours!$H$4:$H$997, Task_hours!$E$4:$E$997, R$30, Task_hours!$F$4:$F$997, $A33) -> 0 | S33: =SUMIFS(Task_hours!$H$4:$H$997, Task_hours!$E$4:$E$997, R$30, Task_hours!$G$4:$G$997, $A33) -> 0 | T33: =SUMIFS(Task_hours!$H$4:$H$997, Task_hours!$E$4:$E$997, T$30, Task_hours!$F$4:$F$997, $A33) -> 0 | U33: =SUMIFS(Task_hours!$H$4:$H$997, Task_hours!$E$4:$E$997, T$30, Task_hours!$G$4:$G$997, $A33) -> 0 | V33: =SUMIFS(Task_hours!$H$4:$H$997, Task_hours!$E$4:$E$997, V$30, Task_hours!$F$4:$F$997, $A33) -> 0 | W33: =SUMIFS(Task_hours!$H$4:$H$997, Task_hours!$E$4:$E$997, V$30, Task_hours!$G$4:$G$997, $A33) -> 0 | X33: =SUMIFS(Task_hours!$H$4:$H$997, Task_hours!$E$4:$E$997, X$30, Task_hours!$F$4:$F$997, $A33) -> 1 | Y33: =SUMIFS(Task_hours!$H$4:$H$997, Task_hours!$E$4:$E$997, X$30, Task_hours!$G$4:$G$997, $A33) -> 0 | Z33: =SUMIFS(Task_hours!$H$4:$H$997, Task_hours!$E$4:$E$997, Z$30, Task_hours!$F$4:$F$997, $A33) -> 6 | AA33: =SUMIFS(Task_hours!$H$4:$H$997, Task_hours!$E$4:$E$997, Z$30, Task_hours!$G$4:$G$997, $A33) -> 0 | AB33: =SUMIFS(Task_hours!$H$4:$H$997, Task_hours!$E$4:$E$997, AB$30, Task_hours!$F$4:$F$997, $A33) -> 0 | AC33: =SUMIFS(Task_hours!$H$4:$H$997, Task_hours!$E$4:$E$997, AB$30, Task_hours!$G$4:$G$997, $A33) -> 3 | AD33: =SUMIFS(Task_hours!$H$4:$H$997, Task_hours!$E$4:$E$997, AD$30, Task_hours!$F$4:$F$997, $A33) -> 0 | AE33: =SUMIFS(Task_hours!$H$4:$H$997, Task_hours!$E$4:$E$997, AD$30, Task_hours!$G$4:$G$997, $A33) -> 0.5 | AF33: =SUMIFS(Task_hours!$H$4:$H$997, Task_hours!$E$4:$E$997, AF$30, Task_hours!$F$4:$F$997, $A33) -> 0 | AG33: =SUMIFS(Task_hours!$H$4:$H$997, Task_hours!$E$4:$E$997, AF$30, Task_hours!$G$4:$G$997, $A33) -> 0 | AH33: =SUMIFS(Task_hours!$H$4:$H$997, Task_hours!$E$4:$E$997, AH$30, Task_hours!$F$4:$F$997, $A33) -> 5 | AI33: =SUMIFS(Task_hours!$H$4:$H$997, Task_hours!$E$4:$E$997, AH$30, Task_hours!$G$4:$G$997, $A33) -> 0 | AJ33: =SUMIFS(Task_hours!$H$4:$H$997, Task_hours!$E$4:$E$997, AJ$30, Task_hours!$F$4:$F$997, $A33) -> 0 | AK33: =SUMIFS(Task_hours!$H$4:$H$997, Task_hours!$E$4:$E$997, AJ$30, Task_hours!$G$4:$G$997, $A33) -> 0 | AL33: =SUMIFS(Task_hours!$H$4:$H$997, Task_hours!$E$4:$E$997, AL$30, Task_hours!$F$4:$F$997, $A33) -> 0 | AM33: =SUMIFS(Task_hours!$H$4:$H$997, Task_hours!$E$4:$E$997, AL$30, Task_hours!$G$4:$G$997, $A33) -> 0 | AN33: =SUMIFS(Task_hours!$H$4:$H$997, Task_hours!$E$4:$E$997, AN$30, Task_hours!$F$4:$F$997, $A33) -> 0 | AO33: =SUMIFS(Task_hours!$H$4:$H$997, Task_hours!$E$4:$E$997, AN$30, Task_hours!$G$4:$G$997, $A33) -> 0 | AP33: =SUMIFS(Task_hours!$H$4:$H$997, Task_hours!$E$4:$E$997, AP$30, Task_hours!$F$4:$F$997, $A33) -> 0 | AQ33: =SUMIFS(Task_hours!$H$4:$H$997, Task_hours!$E$4:$E$997, AP$30, Task_hours!$G$4:$G$997, $A33) -> 0 | AR33: =SUMIFS(Task_hours!$H$4:$H$997, Task_hours!$E$4:$E$997, AR$30, Task_hours!$F$4:$F$997, $A33) -> 0 | AS33: =SUMIFS(Task_hours!$H$4:$H$997, Task_hours!$E$4:$E$997, AR$30, Task_hours!$G$4:$G$997, $A33) -> 0 | AT33: =SUMIFS(Task_hours!$H$4:$H$997, Task_hours!$E$4:$E$997, AT$30, Task_hours!$F$4:$F$997, $A33) -> 0 | AU33: =SUMIFS(Task_hours!$H$4:$H$997, Task_hours!$E$4:$E$997, AT$30, Task_hours!$G$4:$G$997, $A33) -> 0 | AV33: =SUMIFS(Task_hours!$H$4:$H$997, Task_hours!$E$4:$E$997, AV$30, Task_hours!$F$4:$F$997, $A33) -> 0 | AW33: =SUMIFS(Task_hours!$H$4:$H$997, Task_hours!$E$4:$E$997, AV$30, Task_hours!$G$4:$G$997, $A33) -> 0 | AX33: =SUMIFS(Task_hours!$H$4:$H$997, Task_hours!$E$4:$E$997, AX$30, Task_hours!$F$4:$F$997, $A33) -> 0 | AY33: =SUMIFS(Task_hours!$H$4:$H$997, Task_hours!$E$4:$E$997, AX$30, Task_hours!$G$4:$G$997, $A33) -> 0
A34: Ismael | B34: =SUMIFS(Tasks!$H$3:$H1004, Tasks!$F$3:$F1004, $A34, Tasks!$B$3:$B1004, $A$29, Tasks!$K$3:$K1004, "Backlog") -> 0 | C34: =SUMIFS(Tasks!$H$3:$H1004, Tasks!$G$3:$G1004, $A34, Tasks!$B$3:$B1004, $A$29, Tasks!$K$3:$K1004, "Backlog") -> 0 | D34: =SUMIFS(Tasks!$H$3:$H1004, Tasks!$F$3:$F1004, $A34, Tasks!$B$3:$B1004, $A$29, Tasks!$K$3:$K1004, "Progress")-SUMIFS(Tasks!$I$3:$I1004, Tasks!$F$3:$F1004, $A34, Tasks!$B$3:$B1004, $A$29, Tasks!$K$3:$K1004, "Progress") -> 0 | E34: =SUMIFS(Tasks!$H$3:$H1004, Tasks!$G$3:$G1004, $A34, Tasks!$B$3:$B1004, $A$29, Tasks!$K$3:$K1004, "Progress")-SUMIFS(Tasks!$I$3:$I1004, Tasks!$G$3:$G1004, $A34, Tasks!$B$3:$B1004, $A$29, Tasks!$K$3:$K1004, "Progress") -> 0 | F34: =H34+B34 -> 15 | G34: =I34+C34 -> 9 | H34: =SUM(J34,L34,N34,P34,R34,T34,V34,X34,Z34,AB34,AD34,AF34,AH34,AJ34, AL34, AN34, AP34, AR34, AT34, AV34, AX34) -> 15 | I34: =SUM(K34,M34,O34,Q34,S34,U34,W34,Y34,AA34,AC34,AE34,AG34,AI34,AK34, AM34, AO34, AQ34, AS34, AU34, AW34, AY34) -> 9 | J34: =SUMIFS(Task_hours!$H$4:$H$997, Task_hours!$E$4:$E$997, J$30, Task_hours!$F$4:$F$997, $A34) -> 0 | K34: =SUMIFS(Task_hours!$H$4:$H$997, Task_hours!$E$4:$E$997, J$30, Task_hours!$G$4:$G$997, $A34) -> 0 | L34: =SUMIFS(Task_hours!$H$4:$H$997, Task_hours!$E$4:$E$997, L$30, Task_hours!$F$4:$F$997, $A34) -> 0 | M34: =SUMIFS(Task_hours!$H$4:$H$997, Task_hours!$E$4:$E$997, L$30, Task_hours!$G$4:$G$997, $A34) -> 0 | N34: =SUMIFS(Task_hours!$H$4:$H$997, Task_hours!$E$4:$E$997, N$30, Task_hours!$F$4:$F$997, $A34) -> 0 | O34: =SUMIFS(Task_hours!$H$4:$H$997, Task_hours!$E$4:$E$997, N$30, Task_hours!$G$4:$G$997, $A34) -> 0 | P34: =SUMIFS(Task_hours!$H$4:$H$997, Task_hours!$E$4:$E$997, P$30, Task_hours!$F$4:$F$997, $A34) -> 0 | Q34: =SUMIFS(Task_hours!$H$4:$H$997, Task_hours!$E$4:$E$997, P$30, Task_hours!$G$4:$G$997, $A34) -> 0 | R34: =SUMIFS(Task_hours!$H$4:$H$997, Task_hours!$E$4:$E$997, R$30, Task_hours!$F$4:$F$997, $A34) -> 0 | S34: =SUMIFS(Task_hours!$H$4:$H$997, Task_hours!$E$4:$E$997, R$30, Task_hours!$G$4:$G$997, $A34) -> 0 | T34: =SUMIFS(Task_hours!$H$4:$H$997, Task_hours!$E$4:$E$997, T$30, Task_hours!$F$4:$F$997, $A34) -> 0 | U34: =SUMIFS(Task_hours!$H$4:$H$997, Task_hours!$E$4:$E$997, T$30, Task_hours!$G$4:$G$997, $A34) -> 1 | V34: =SUMIFS(Task_hours!$H$4:$H$997, Task_hours!$E$4:$E$997, V$30, Task_hours!$F$4:$F$997, $A34) -> 0 | W34: =SUMIFS(Task_hours!$H$4:$H$997, Task_hours!$E$4:$E$997, V$30, Task_hours!$G$4:$G$997, $A34) -> 6 | X34: =SUMIFS(Task_hours!$H$4:$H$997, Task_hours!$E$4:$E$997, X$30, Task_hours!$F$4:$F$997, $A34) -> 0 | Y34: =SUMIFS(Task_hours!$H$4:$H$997, Task_hours!$E$4:$E$997, X$30, Task_hours!$G$4:$G$997, $A34) -> 0 | Z34: =SUMIFS(Task_hours!$H$4:$H$997, Task_hours!$E$4:$E$997, Z$30, Task_hours!$F$4:$F$997, $A34) -> 0 | AA34: =SUMIFS(Task_hours!$H$4:$H$997, Task_hours!$E$4:$E$997, Z$30, Task_hours!$G$4:$G$997, $A34) -> 0 | AB34: =SUMIFS(Task_hours!$H$4:$H$997, Task_hours!$E$4:$E$997, AB$30, Task_hours!$F$4:$F$997, $A34) -> 0 | AC34: =SUMIFS(Task_hours!$H$4:$H$997, Task_hours!$E$4:$E$997, AB$30, Task_hours!$G$4:$G$997, $A34) -> 0 | AD34: =SUMIFS(Task_hours!$H$4:$H$997, Task_hours!$E$4:$E$997, AD$30, Task_hours!$F$4:$F$997, $A34) -> 6 | AE34: =SUMIFS(Task_hours!$H$4:$H$997, Task_hours!$E$4:$E$997, AD$30, Task_hours!$G$4:$G$997, $A34) -> 0 | AF34: =SUMIFS(Task_hours!$H$4:$H$997, Task_hours!$E$4:$E$997, AF$30, Task_hours!$F$4:$F$997, $A34) -> 8 | AG34: =SUMIFS(Task_hours!$H$4:$H$997, Task_hours!$E$4:$E$997, AF$30, Task_hours!$G$4:$G$997, $A34) -> 0 | AH34: =SUMIFS(Task_hours!$H$4:$H$997, Task_hours!$E$4:$E$997, AH$30, Task_hours!$F$4:$F$997, $A34) -> 0 | AI34: =SUMIFS(Task_hours!$H$4:$H$997, Task_hours!$E$4:$E$997, AH$30, Task_hours!$G$4:$G$997, $A34) -> 0 | AJ34: =SUMIFS(Task_hours!$H$4:$H$997, Task_hours!$E$4:$E$997, AJ$30, Task_hours!$F$4:$F$997, $A34) -> 0 | AK34: =SUMIFS(Task_hours!$H$4:$H$997, Task_hours!$E$4:$E$997, AJ$30, Task_hours!$G$4:$G$997, $A34) -> 0 | AL34: =SUMIFS(Task_hours!$H$4:$H$997, Task_hours!$E$4:$E$997, AL$30, Task_hours!$F$4:$F$997, $A34) -> 0 | AM34: =SUMIFS(Task_hours!$H$4:$H$997, Task_hours!$E$4:$E$997, AL$30, Task_hours!$G$4:$G$997, $A34) -> 0 | AN34: =SUMIFS(Task_hours!$H$4:$H$997, Task_hours!$E$4:$E$997, AN$30, Task_hours!$F$4:$F$997, $A34) -> 0 | AO34: =SUMIFS(Task_hours!$H$4:$H$997, Task_hours!$E$4:$E$997, AN$30, Task_hours!$G$4:$G$997, $A34) -> 0 | AP34: =SUMIFS(Task_hours!$H$4:$H$997, Task_hours!$E$4:$E$997, AP$30, Task_hours!$F$4:$F$997, $A34) -> 0 | AQ34: =SUMIFS(Task_hours!$H$4:$H$997, Task_hours!$E$4:$E$997, AP$30, Task_hours!$G$4:$G$997, $A34) -> 0 | AR34: =SUMIFS(Task_hours!$H$4:$H$997, Task_hours!$E$4:$E$997, AR$30, Task_hours!$F$4:$F$997, $A34) -> 0 | AS34: =SUMIFS(Task_hours!$H$4:$H$997, Task_hours!$E$4:$E$997, AR$30, Task_hours!$G$4:$G$997, $A34) -> 0 | AT34: =SUMIFS(Task_hours!$H$4:$H$997, Task_hours!$E$4:$E$997, AT$30, Task_hours!$F$4:$F$997, $A34) -> 0 | AU34: =SUMIFS(Task_hours!$H$4:$H$997, Task_hours!$E$4:$E$997, AT$30, Task_hours!$G$4:$G$997, $A34) -> 0 | AV34: =SUMIFS(Task_hours!$H$4:$H$997, Task_hours!$E$4:$E$997, AV$30, Task_hours!$F$4:$F$997, $A34) -> 0 | AW34: =SUMIFS(Task_hours!$H$4:$H$997, Task_hours!$E$4:$E$997, AV$30, Task_hours!$G$4:$G$997, $A34) -> 2 | AX34: =SUMIFS(Task_hours!$H$4:$H$997, Task_hours!$E$4:$E$997, AX$30, Task_hours!$F$4:$F$997, $A34) -> 1 | AY34: =SUMIFS(Task_hours!$H$4:$H$997, Task_hours!$E$4:$E$997, AX$30, Task_hours!$G$4:$G$997, $A34) -> 0
A35: Luca | B35: =SUMIFS(Tasks!$H$3:$H1004, Tasks!$F$3:$F1004, $A35, Tasks!$B$3:$B1004, $A$29, Tasks!$K$3:$K1004, "Backlog") -> 0 | C35: =SUMIFS(Tasks!$H$3:$H1004, Tasks!$G$3:$G1004, $A35, Tasks!$B$3:$B1004, $A$29, Tasks!$K$3:$K1004, "Backlog") -> 0 | D35: =SUMIFS(Tasks!$H$3:$H1004, Tasks!$F$3:$F1004, $A35, Tasks!$B$3:$B1004, $A$29, Tasks!$K$3:$K1004, "Progress")-SUMIFS(Tasks!$I$3:$I1004, Tasks!$F$3:$F1004, $A35, Tasks!$B$3:$B1004, $A$29, Tasks!$K$3:$K1004, "Progress") -> 0 | E35: =SUMIFS(Tasks!$H$3:$H1004, Tasks!$G$3:$G1004, $A35, Tasks!$B$3:$B1004, $A$29, Tasks!$K$3:$K1004, "Progress")-SUMIFS(Tasks!$I$3:$I1004, Tasks!$G$3:$G1004, $A35, Tasks!$B$3:$B1004, $A$29, Tasks!$K$3:$K1004, "Progress") -> 0 | F35: =H35+B35 -> 19.5 | G35: =I35+C35 -> 12.5 | H35: =SUM(J35,L35,N35,P35,R35,T35,V35,X35,Z35,AB35,AD35,AF35,AH35,AJ35, AL35, AN35, AP35, AR35, AT35, AV35, AX35) -> 19.5 | I35: =SUM(K35,M35,O35,Q35,S35,U35,W35,Y35,AA35,AC35,AE35,AG35,AI35,AK35, AM35, AO35, AQ35, AS35, AU35, AW35, AY35) -> 12.5 | J35: =SUMIFS(Task_hours!$H$4:$H$997, Task_hours!$E$4:$E$997, J$30, Task_hours!$F$4:$F$997, $A35) -> 0 | K35: =SUMIFS(Task_hours!$H$4:$H$997, Task_hours!$E$4:$E$997, J$30, Task_hours!$G$4:$G$997, $A35) -> 0 | L35: =SUMIFS(Task_hours!$H$4:$H$997, Task_hours!$E$4:$E$997, L$30, Task_hours!$F$4:$F$997, $A35) -> 0 | M35: =SUMIFS(Task_hours!$H$4:$H$997, Task_hours!$E$4:$E$997, L$30, Task_hours!$G$4:$G$997, $A35) -> 0 | N35: =SUMIFS(Task_hours!$H$4:$H$997, Task_hours!$E$4:$E$997, N$30, Task_hours!$F$4:$F$997, $A35) -> 0 | O35: =SUMIFS(Task_hours!$H$4:$H$997, Task_hours!$E$4:$E$997, N$30, Task_hours!$G$4:$G$997, $A35) -> 0 | P35: =SUMIFS(Task_hours!$H$4:$H$997, Task_hours!$E$4:$E$997, P$30, Task_hours!$F$4:$F$997, $A35) -> 0 | Q35: =SUMIFS(Task_hours!$H$4:$H$997, Task_hours!$E$4:$E$997, P$30, Task_hours!$G$4:$G$997, $A35) -> 0 | R35: =SUMIFS(Task_hours!$H$4:$H$997, Task_hours!$E$4:$E$997, R$30, Task_hours!$F$4:$F$997, $A35) -> 1 | S35: =SUMIFS(Task_hours!$H$4:$H$997, Task_hours!$E$4:$E$997, R$30, Task_hours!$G$4:$G$997, $A35) -> 2 | T35: =SUMIFS(Task_hours!$H$4:$H$997, Task_hours!$E$4:$E$997, T$30, Task_hours!$F$4:$F$997, $A35) -> 0 | U35: =SUMIFS(Task_hours!$H$4:$H$997, Task_hours!$E$4:$E$997, T$30, Task_hours!$G$4:$G$997, $A35) -> 2 | V35: =SUMIFS(Task_hours!$H$4:$H$997, Task_hours!$E$4:$E$997, V$30, Task_hours!$F$4:$F$997, $A35) -> 0 | W35: =SUMIFS(Task_hours!$H$4:$H$997, Task_hours!$E$4:$E$997, V$30, Task_hours!$G$4:$G$997, $A35) -> 0 | X35: =SUMIFS(Task_hours!$H$4:$H$997, Task_hours!$E$4:$E$997, X$30, Task_hours!$F$4:$F$997, $A35) -> 1.5 | Y35: =SUMIFS(Task_hours!$H$4:$H$997, Task_hours!$E$4:$E$997, X$30, Task_hours!$G$4:$G$997, $A35) -> 0 | Z35: =SUMIFS(Task_hours!$H$4:$H$997, Task_hours!$E$4:$E$997, Z$30, Task_hours!$F$4:$F$997, $A35) -> 4.5 | AA35: =SUMIFS(Task_hours!$H$4:$H$997, Task_hours!$E$4:$E$997, Z$30, Task_hours!$G$4:$G$997, $A35) -> 0 | AB35: =SUMIFS(Task_hours!$H$4:$H$997, Task_hours!$E$4:$E$997, AB$30, Task_hours!$F$4:$F$997, $A35) -> 0.5 | AC35: =SUMIFS(Task_hours!$H$4:$H$997, Task_hours!$E$4:$E$997, AB$30, Task_hours!$G$4:$G$997, $A35) -> 2 | AD35: =SUMIFS(Task_hours!$H$4:$H$997, Task_hours!$E$4:$E$997, AD$30, Task_hours!$F$4:$F$997, $A35) -> 2 | AE35: =SUMIFS(Task_hours!$H$4:$H$997, Task_hours!$E$4:$E$997, AD$30, Task_hours!$G$4:$G$997, $A35) -> 0.5 | AF35: =SUMIFS(Task_hours!$H$4:$H$997, Task_hours!$E$4:$E$997, AF$30, Task_hours!$F$4:$F$997, $A35) -> 0.5 | AG35: =SUMIFS(Task_hours!$H$4:$H$997, Task_hours!$E$4:$E$997, AF$30, Task_hours!$G$4:$G$997, $A35) -> 0 | AH35: =SUMIFS(Task_hours!$H$4:$H$997, Task_hours!$E$4:$E$997, AH$30, Task_hours!$F$4:$F$997, $A35) -> 0 | AI35: =SUMIFS(Task_hours!$H$4:$H$997, Task_hours!$E$4:$E$997, AH$30, Task_hours!$G$4:$G$997, $A35) -> 0 | AJ35: =SUMIFS(Task_hours!$H$4:$H$997, Task_hours!$E$4:$E$997, AJ$30, Task_hours!$F$4:$F$997, $A35) -> 6.5 | AK35: =SUMIFS(Task_hours!$H$4:$H$997, Task_hours!$E$4:$E$997, AJ$30, Task_hours!$G$4:$G$997, $A35) -> 0 | AL35: =SUMIFS(Task_hours!$H$4:$H$997, Task_hours!$E$4:$E$997, AL$30, Task_hours!$F$4:$F$997, $A35) -> 3 | AM35: =SUMIFS(Task_hours!$H$4:$H$997, Task_hours!$E$4:$E$997, AL$30, Task_hours!$G$4:$G$997, $A35) -> 1.5 | AN35: =SUMIFS(Task_hours!$H$4:$H$997, Task_hours!$E$4:$E$997, AN$30, Task_hours!$F$4:$F$997, $A35) -> 0 | AO35: =SUMIFS(Task_hours!$H$4:$H$997, Task_hours!$E$4:$E$997, AN$30, Task_hours!$G$4:$G$997, $A35) -> 0 | AP35: =SUMIFS(Task_hours!$H$4:$H$997, Task_hours!$E$4:$E$997, AP$30, Task_hours!$F$4:$F$997, $A35) -> 0 | AQ35: =SUMIFS(Task_hours!$H$4:$H$997, Task_hours!$E$4:$E$997, AP$30, Task_hours!$G$4:$G$997, $A35) -> 3 | AR35: =SUMIFS(Task_hours!$H$4:$H$997, Task_hours!$E$4:$E$997, AR$30, Task_hours!$F$4:$F$997, $A35) -> 0 | AS35: =SUMIFS(Task_hours!$H$4:$H$997, Task_hours!$E$4:$E$997, AR$30, Task_hours!$G$4:$G$997, $A35) -> 1.5 | AT35: =SUMIFS(Task_hours!$H$4:$H$997, Task_hours!$E$4:$E$997, AT$30, Task_hours!$F$4:$F$997, $A35) -> 0 | AU35: =SUMIFS(Task_hours!$H$4:$H$997, Task_hours!$E$4:$E$997, AT$30, Task_hours!$G$4:$G$997, $A35) -> 0 | AV35: =SUMIFS(Task_hours!$H$4:$H$997, Task_hours!$E$4:$E$997, AV$30, Task_hours!$F$4:$F$997, $A35) -> 0 | AW35: =SUMIFS(Task_hours!$H$4:$H$997, Task_hours!$E$4:$E$997, AV$30, Task_hours!$G$4:$G$997, $A35) -> 0 | AX35: =SUMIFS(Task_hours!$H$4:$H$997, Task_hours!$E$4:$E$997, AX$30, Task_hours!$F$4:$F$997, $A35) -> 0 | AY35: =SUMIFS(Task_hours!$H$4:$H$997, Task_hours!$E$4:$E$997, AX$30, Task_hours!$G$4:$G$997, $A35) -> 0
A36: Antoine | B36: =SUMIFS(Tasks!$H$3:$H1004, Tasks!$F$3:$F1004, $A36, Tasks!$B$3:$B1004, $A$29, Tasks!$K$3:$K1004, "Backlog") -> 0 | C36: =SUMIFS(Tasks!$H$3:$H1004, Tasks!$G$3:$G1004, $A36, Tasks!$B$3:$B1004, $A$29, Tasks!$K$3:$K1004, "Backlog") -> 0 | D36: =SUMIFS(Tasks!$H$3:$H1004, Tasks!$F$3:$F1004, $A36, Tasks!$B$3:$B1004, $A$29, Tasks!$K$3:$K1004, "Progress")-SUMIFS(Tasks!$I$3:$I1004, Tasks!$F$3:$F1004, $A36, Tasks!$B$3:$B1004, $A$29, Tasks!$K$3:$K1004, "Progress") -> 0 | E36: =SUMIFS(Tasks!$H$3:$H1004, Tasks!$G$3:$G1004, $A36, Tasks!$B$3:$B1004, $A$29, Tasks!$K$3:$K1004, "Progress")-SUMIFS(Tasks!$I$3:$I1004, Tasks!$G$3:$G1004, $A36, Tasks!$B$3:$B1004, $A$29, Tasks!$K$3:$K1004, "Progress") -> 0 | F36: =H36+B36 -> 11 | G36: =I36+C36 -> 12.5 | H36: =SUM(J36,L36,N36,P36,R36,T36,V36,X36,Z36,AB36,AD36,AF36,AH36,AJ36, AL36, AN36, AP36, AR36, AT36, AV36, AX36) -> 11 | I36: =SUM(K36,M36,O36,Q36,S36,U36,W36,Y36,AA36,AC36,AE36,AG36,AI36,AK36, AM36, AO36, AQ36, AS36, AU36, AW36, AY36) -> 12.5 | J36: =SUMIFS(Task_hours!$H$4:$H$997, Task_hours!$E$4:$E$997, J$30, Task_hours!$F$4:$F$997, $A36) -> 0 | K36: =SUMIFS(Task_hours!$H$4:$H$997, Task_hours!$E$4:$E$997, J$30, Task_hours!$G$4:$G$997, $A36) -> 0 | L36: =SUMIFS(Task_hours!$H$4:$H$997, Task_hours!$E$4:$E$997, L$30, Task_hours!$F$4:$F$997, $A36) -> 0 | M36: =SUMIFS(Task_hours!$H$4:$H$997, Task_hours!$E$4:$E$997, L$30, Task_hours!$G$4:$G$997, $A36) -> 0 | N36: =SUMIFS(Task_hours!$H$4:$H$997, Task_hours!$E$4:$E$997, N$30, Task_hours!$F$4:$F$997, $A36) -> 0 | O36: =SUMIFS(Task_hours!$H$4:$H$997, Task_hours!$E$4:$E$997, N$30, Task_hours!$G$4:$G$997, $A36) -> 0 | P36: =SUMIFS(Task_hours!$H$4:$H$997, Task_hours!$E$4:$E$997, P$30, Task_hours!$F$4:$F$997, $A36) -> 0 | Q36: =SUMIFS(Task_hours!$H$4:$H$997, Task_hours!$E$4:$E$997, P$30, Task_hours!$G$4:$G$997, $A36) -> 0 | R36: =SUMIFS(Task_hours!$H$4:$H$997, Task_hours!$E$4:$E$997, R$30, Task_hours!$F$4:$F$997, $A36) -> 0 | S36: =SUMIFS(Task_hours!$H$4:$H$997, Task_hours!$E$4:$E$997, R$30, Task_hours!$G$4:$G$997, $A36) -> 0 | T36: =SUMIFS(Task_hours!$H$4:$H$997, Task_hours!$E$4:$E$997, T$30, Task_hours!$F$4:$F$997, $A36) -> 0 | U36: =SUMIFS(Task_hours!$H$4:$H$997, Task_hours!$E$4:$E$997, T$30, Task_hours!$G$4:$G$997, $A36) -> 0 | V36: =SUMIFS(Task_hours!$H$4:$H$997, Task_hours!$E$4:$E$997, V$30, Task_hours!$F$4:$F$997, $A36) -> 0 | W36: =SUMIFS(Task_hours!$H$4:$H$997, Task_hours!$E$4:$E$997, V$30, Task_hours!$G$4:$G$997, $A36) -> 0 | X36: =SUMIFS(Task_hours!$H$4:$H$997, Task_hours!$E$4:$E$997, X$30, Task_hours!$F$4:$F$997, $A36) -> 0 | Y36: =SUMIFS(Task_hours!$H$4:$H$997, Task_hours!$E$4:$E$997, X$30, Task_hours!$G$4:$G$997, $A36) -> 1 | Z36: =SUMIFS(Task_hours!$H$4:$H$997, Task_hours!$E$4:$E$997, Z$30, Task_hours!$F$4:$F$997, $A36) -> 1.5 | AA36: =SUMIFS(Task_hours!$H$4:$H$997, Task_hours!$E$4:$E$997, Z$30, Task_hours!$G$4:$G$997, $A36) -> 11 | AB36: =SUMIFS(Task_hours!$H$4:$H$997, Task_hours!$E$4:$E$997, AB$30, Task_hours!$F$4:$F$997, $A36) -> 2 | AC36: =SUMIFS(Task_hours!$H$4:$H$997, Task_hours!$E$4:$E$997, AB$30, Task_hours!$G$4:$G$997, $A36) -> 0.5 | AD36: =SUMIFS(Task_hours!$H$4:$H$997, Task_hours!$E$4:$E$997, AD$30, Task_hours!$F$4:$F$997, $A36) -> 3.5 | AE36: =SUMIFS(Task_hours!$H$4:$H$997, Task_hours!$E$4:$E$997, AD$30, Task_hours!$G$4:$G$997, $A36) -> 0 | AF36: =SUMIFS(Task_hours!$H$4:$H$997, Task_hours!$E$4:$E$997, AF$30, Task_hours!$F$4:$F$997, $A36) -> 0 | AG36: =SUMIFS(Task_hours!$H$4:$H$997, Task_hours!$E$4:$E$997, AF$30, Task_hours!$G$4:$G$997, $A36) -> 0 | AH36: =SUMIFS(Task_hours!$H$4:$H$997, Task_hours!$E$4:$E$997, AH$30, Task_hours!$F$4:$F$997, $A36) -> 0 | AI36: =SUMIFS(Task_hours!$H$4:$H$997, Task_hours!$E$4:$E$997, AH$30, Task_hours!$G$4:$G$997, $A36) -> 0 | AJ36: =SUMIFS(Task_hours!$H$4:$H$997, Task_hours!$E$4:$E$997, AJ$30, Task_hours!$F$4:$F$997, $A36) -> 0 | AK36: =SUMIFS(Task_hours!$H$4:$H$997, Task_hours!$E$4:$E$997, AJ$30, Task_hours!$G$4:$G$997, $A36) -> 0 | AL36: =SUMIFS(Task_hours!$H$4:$H$997, Task_hours!$E$4:$E$997, AL$30, Task_hours!$F$4:$F$997, $A36) -> 0 | AM36: =SUMIFS(Task_hours!$H$4:$H$997, Task_hours!$E$4:$E$997, AL$30, Task_hours!$G$4:$G$997, $A36) -> 0 | AN36: =SUMIFS(Task_hours!$H$4:$H$997, Task_hours!$E$4:$E$997, AN$30, Task_hours!$F$4:$F$997, $A36) -> 0 | AO36: =SUMIFS(Task_hours!$H$4:$H$997, Task_hours!$E$4:$E$997, AN$30, Task_hours!$G$4:$G$997, $A36) -> 0 | AP36: =SUMIFS(Task_hours!$H$4:$H$997, Task_hours!$E$4:$E$997, AP$30, Task_hours!$F$4:$F$997, $A36) -> 0 | AQ36: =SUMIFS(Task_hours!$H$4:$H$997, Task_hours!$E$4:$E$997, AP$30, Task_hours!$G$4:$G$997, $A36) -> 0 | AR36: =SUMIFS(Task_hours!$H$4:$H$997, Task_hours!$E$4:$E$997, AR$30, Task_hours!$F$4:$F$997, $A36) -> 0 | AS36: =SUMIFS(Task_hours!$H$4:$H$997, Task_hours!$E$4:$E$997, AR$30, Task_hours!$G$4:$G$997, $A36) -> 0 | AT36: =SUMIFS(Task_hours!$H$4:$H$997, Task_hours!$E$4:$E$997, AT$30, Task_hours!$F$4:$F$997, $A36) -> 0 | AU36: =SUMIFS(Task_hours!$H$4:$H$997, Task_hours!$E$4:$E$997, AT$30, Task_hours!$G$4:$G$997, $A36) -> 0 | AV36: =SUMIFS(Task_hours!$H$4:$H$997, Task_hours!$E$4:$E$997, AV$30, Task_hours!$F$4:$F$997, $A36) -> 2 | AW36: =SUMIFS(Task_hours!$H$4:$H$997, Task_hours!$E$4:$E$997, AV$30, Task_hours!$G$4:$G$997, $A36) -> 0 | AX36: =SUMIFS(Task_hours!$H$4:$H$997, Task_hours!$E$4:$E$997, AX$30, Task_hours!$F$4:$F$997, $A36) -> 2 | AY36: =SUMIFS(Task_hours!$H$4:$H$997, Task_hours!$E$4:$E$997, AX$30, Task_hours!$G$4:$G$997, $A36) -> 0
A37: Ben David | B37: =SUMIFS(Tasks!$H$3:$H1004, Tasks!$F$3:$F1004, $A37, Tasks!$B$3:$B1004, $A$29, Tasks!$K$3:$K1004, "Backlog") -> 0 | C37: =SUMIFS(Tasks!$H$3:$H1004, Tasks!$G$3:$G1004, $A37, Tasks!$B$3:$B1004, $A$29, Tasks!$K$3:$K1004, "Backlog") -> 0 | D37: =SUMIFS(Tasks!$H$3:$H1004, Tasks!$F$3:$F1004, $A37, Tasks!$B$3:$B1004, $A$29, Tasks!$K$3:$K1004, "Progress")-SUMIFS(Tasks!$I$3:$I1004, Tasks!$F$3:$F1004, $A37, Tasks!$B$3:$B1004, $A$29, Tasks!$K$3:$K1004, "Progress") -> 0 | E37: =SUMIFS(Tasks!$H$3:$H1004, Tasks!$G$3:$G1004, $A37, Tasks!$B$3:$B1004, $A$29, Tasks!$K$3:$K1004, "Progress")-SUMIFS(Tasks!$I$3:$I1004, Tasks!$G$3:$G1004, $A37, Tasks!$B$3:$B1004, $A$29, Tasks!$K$3:$K1004, "Progress") -> 0 | F37: =H37+B37 -> 12.5 | G37: =I37+C37 -> 14 | H37: =SUM(J37,L37,N37,P37,R37,T37,V37,X37,Z37,AB37,AD37,AF37,AH37,AJ37, AL37, AN37, AP37, AR37, AT37, AV37, AX37) -> 12.5 | I37: =SUM(K37,M37,O37,Q37,S37,U37,W37,Y37,AA37,AC37,AE37,AG37,AI37,AK37, AM37, AO37, AQ37, AS37, AU37, AW37, AY37) -> 14 | J37: =SUMIFS(Task_hours!$H$4:$H$997, Task_hours!$E$4:$E$997, J$30, Task_hours!$F$4:$F$997, $A37) -> 0 | K37: =SUMIFS(Task_hours!$H$4:$H$997, Task_hours!$E$4:$E$997, J$30, Task_hours!$G$4:$G$997, $A37) -> 0 | L37: =SUMIFS(Task_hours!$H$4:$H$997, Task_hours!$E$4:$E$997, L$30, Task_hours!$F$4:$F$997, $A37) -> 0 | M37: =SUMIFS(Task_hours!$H$4:$H$997, Task_hours!$E$4:$E$997, L$30, Task_hours!$G$4:$G$997, $A37) -> 0 | N37: =SUMIFS(Task_hours!$H$4:$H$997, Task_hours!$E$4:$E$997, N$30, Task_hours!$F$4:$F$997, $A37) -> 0 | O37: =SUMIFS(Task_hours!$H$4:$H$997, Task_hours!$E$4:$E$997, N$30, Task_hours!$G$4:$G$997, $A37) -> 0 | P37: =SUMIFS(Task_hours!$H$4:$H$997, Task_hours!$E$4:$E$997, P$30, Task_hours!$F$4:$F$997, $A37) -> 0 | Q37: =SUMIFS(Task_hours!$H$4:$H$997, Task_hours!$E$4:$E$997, P$30, Task_hours!$G$4:$G$997, $A37) -> 0 | R37: =SUMIFS(Task_hours!$H$4:$H$997, Task_hours!$E$4:$E$997, R$30, Task_hours!$F$4:$F$997, $A37) -> 0 | S37: =SUMIFS(Task_hours!$H$4:$H$997, Task_hours!$E$4:$E$997, R$30, Task_hours!$G$4:$G$997, $A37) -> 0 | T37: =SUMIFS(Task_hours!$H$4:$H$997, Task_hours!$E$4:$E$997, T$30, Task_hours!$F$4:$F$997, $A37) -> 0 | U37: =SUMIFS(Task_hours!$H$4:$H$997, Task_hours!$E$4:$E$997, T$30, Task_hours!$G$4:$G$997, $A37) -> 0 | V37: =SUMIFS(Task_hours!$H$4:$H$997, Task_hours!$E$4:$E$997, V$30, Task_hours!$F$4:$F$997, $A37) -> 1.5 | W37: =SUMIFS(Task_hours!$H$4:$H$997, Task_hours!$E$4:$E$997, V$30, Task_hours!$G$4:$G$997, $A37) -> 0 | X37: =SUMIFS(Task_hours!$H$4:$H$997, Task_hours!$E$4:$E$997, X$30, Task_hours!$F$4:$F$997, $A37) -> 3.5 | Y37: =SUMIFS(Task_hours!$H$4:$H$997, Task_hours!$E$4:$E$997, X$30, Task_hours!$G$4:$G$997, $A37) -> 0 | Z37: =SUMIFS(Task_hours!$H$4:$H$997, Task_hours!$E$4:$E$997, Z$30, Task_hours!$F$4:$F$997, $A37) -> 2 | AA37: =SUMIFS(Task_hours!$H$4:$H$997, Task_hours!$E$4:$E$997, Z$30, Task_hours!$G$4:$G$997, $A37) -> 2.5 | AB37: =SUMIFS(Task_hours!$H$4:$H$997, Task_hours!$E$4:$E$997, AB$30, Task_hours!$F$4:$F$997, $A37) -> 1 | AC37: =SUMIFS(Task_hours!$H$4:$H$997, Task_hours!$E$4:$E$997, AB$30, Task_hours!$G$4:$G$997, $A37) -> 0 | AD37: =SUMIFS(Task_hours!$H$4:$H$997, Task_hours!$E$4:$E$997, AD$30, Task_hours!$F$4:$F$997, $A37) -> 0 | AE37: =SUMIFS(Task_hours!$H$4:$H$997, Task_hours!$E$4:$E$997, AD$30, Task_hours!$G$4:$G$997, $A37) -> 8.5 | AF37: =SUMIFS(Task_hours!$H$4:$H$997, Task_hours!$E$4:$E$997, AF$30, Task_hours!$F$4:$F$997, $A37) -> 1 | AG37: =SUMIFS(Task_hours!$H$4:$H$997, Task_hours!$E$4:$E$997, AF$30, Task_hours!$G$4:$G$997, $A37) -> 0 | AH37: =SUMIFS(Task_hours!$H$4:$H$997, Task_hours!$E$4:$E$997, AH$30, Task_hours!$F$4:$F$997, $A37) -> 1 | AI37: =SUMIFS(Task_hours!$H$4:$H$997, Task_hours!$E$4:$E$997, AH$30, Task_hours!$G$4:$G$997, $A37) -> 0.5 | AJ37: =SUMIFS(Task_hours!$H$4:$H$997, Task_hours!$E$4:$E$997, AJ$30, Task_hours!$F$4:$F$997, $A37) -> 0 | AK37: =SUMIFS(Task_hours!$H$4:$H$997, Task_hours!$E$4:$E$997, AJ$30, Task_hours!$G$4:$G$997, $A37) -> 0 | AL37: =SUMIFS(Task_hours!$H$4:$H$997, Task_hours!$E$4:$E$997, AL$30, Task_hours!$F$4:$F$997, $A37) -> 2 | AM37: =SUMIFS(Task_hours!$H$4:$H$997, Task_hours!$E$4:$E$997, AL$30, Task_hours!$G$4:$G$997, $A37) -> 0 | AN37: =SUMIFS(Task_hours!$H$4:$H$997, Task_hours!$E$4:$E$997, AN$30, Task_hours!$F$4:$F$997, $A37) -> 0 | AO37: =SUMIFS(Task_hours!$H$4:$H$997, Task_hours!$E$4:$E$997, AN$30, Task_hours!$G$4:$G$997, $A37) -> 0 | AP37: =SUMIFS(Task_hours!$H$4:$H$997, Task_hours!$E$4:$E$997, AP$30, Task_hours!$F$4:$F$997, $A37) -> 0 | AQ37: =SUMIFS(Task_hours!$H$4:$H$997, Task_hours!$E$4:$E$997, AP$30, Task_hours!$G$4:$G$997, $A37) -> 0 | AR37: =SUMIFS(Task_hours!$H$4:$H$997, Task_hours!$E$4:$E$997, AR$30, Task_hours!$F$4:$F$997, $A37) -> 0 | AS37: =SUMIFS(Task_hours!$H$4:$H$997, Task_hours!$E$4:$E$997, AR$30, Task_hours!$G$4:$G$997, $A37) -> 0 | AT37: =SUMIFS(Task_hours!$H$4:$H$997, Task_hours!$E$4:$E$997, AT$30, Task_hours!$F$4:$F$997, $A37) -> 0 | AU37: =SUMIFS(Task_hours!$H$4:$H$997, Task_hours!$E$4:$E$997, AT$30, Task_hours!$G$4:$G$997, $A37) -> 0.5 | AV37: =SUMIFS(Task_hours!$H$4:$H$997, Task_hours!$E$4:$E$997, AV$30, Task_hours!$F$4:$F$997, $A37) -> 0 | AW37: =SUMIFS(Task_hours!$H$4:$H$997, Task_hours!$E$4:$E$997, AV$30, Task_hours!$G$4:$G$997, $A37) -> 0 | AX37: =SUMIFS(Task_hours!$H$4:$H$997, Task_hours!$E$4:$E$997, AX$30, Task_hours!$F$4:$F$997, $A37) -> 0.5 | AY37: =SUMIFS(Task_hours!$H$4:$H$997, Task_hours!$E$4:$E$997, AX$30, Task_hours!$G$4:$G$997, $A37) -> 2
